comparison_group,metric,seed,ccdn_0a,comparator,comparator_value,paired_difference_ccdn_minus_comparator,interpretation
primary_sparse_resource_matched,mean_adaptation_auc,101,0.5890328125,static_sparse,0.5465171875,0.042515624999999946,raw paired pilot value; no significance claim
primary_sparse_resource_matched,first_25pct_mean_auc,101,0.40014375,static_sparse,0.3361125,0.06403125000000004,raw paired pilot value; no significance claim
primary_sparse_resource_matched,last_25pct_mean_auc,101,0.6707281250000001,static_sparse,0.637340625,0.033387500000000125,raw paired pilot value; no significance claim
primary_sparse_resource_matched,late_minus_early_auc,101,0.2705843750000001,static_sparse,0.301228125,-0.030643749999999914,raw paired pilot value; no significance claim
primary_sparse_resource_matched,auc_lifetime_slope,101,0.00350343815631563,static_sparse,0.0037749840609060865,-0.00027154590459045657,raw paired pilot value; no significance claim
primary_sparse_resource_matched,mean_end_accuracy,101,0.7190468750000001,static_sparse,0.6757343749999998,0.04331250000000031,raw paired pilot value; no significance claim
primary_sparse_resource_matched,mean_adaptation_auc,202,0.5930015625,static_sparse,0.5454007812499999,0.04760078125000011,raw paired pilot value; no significance claim
primary_sparse_resource_matched,first_25pct_mean_auc,202,0.41313125,static_sparse,0.32745,0.08568124999999999,raw paired pilot value; no significance claim
primary_sparse_resource_matched,last_25pct_mean_auc,202,0.670403125,static_sparse,0.6414937500000001,0.028909374999999904,raw paired pilot value; no significance claim
primary_sparse_resource_matched,late_minus_early_auc,202,0.257271875,static_sparse,0.31404375000000007,-0.05677187500000008,raw paired pilot value; no significance claim
primary_sparse_resource_matched,auc_lifetime_slope,202,0.003283323019801982,static_sparse,0.003984940837833783,-0.0007016178180318006,raw paired pilot value; no significance claim
primary_sparse_resource_matched,mean_end_accuracy,202,0.7208437500000001,static_sparse,0.6731484375000001,0.04769531250000003,raw paired pilot value; no significance claim
primary_sparse_resource_matched,mean_adaptation_auc,303,0.5921726562499999,static_sparse,0.5441171874999999,0.04805546875,raw paired pilot value; no significance claim
primary_sparse_resource_matched,first_25pct_mean_auc,303,0.392646875,static_sparse,0.310740625,0.08190625000000001,raw paired pilot value; no significance claim
primary_sparse_resource_matched,last_25pct_mean_auc,303,0.6821249999999999,static_sparse,0.6480750000000001,0.0340499999999998,raw paired pilot value; no significance claim
primary_sparse_resource_matched,late_minus_early_auc,303,0.28947812499999986,static_sparse,0.3373343750000001,-0.04785625000000021,raw paired pilot value; no significance claim
primary_sparse_resource_matched,auc_lifetime_slope,303,0.0036754898927392698,static_sparse,0.004222443181818181,-0.0005469532890789116,raw paired pilot value; no significance claim
primary_sparse_resource_matched,mean_end_accuracy,303,0.7212109375,static_sparse,0.6710312500000001,0.0501796874999999,raw paired pilot value; no significance claim
primary_sparse_resource_matched,mean_adaptation_auc,101,0.5890328125,selective_reset,0.5521984375000001,0.036834374999999864,raw paired pilot value; no significance claim
primary_sparse_resource_matched,first_25pct_mean_auc,101,0.40014375,selective_reset,0.33890625,0.0612375,raw paired pilot value; no significance claim
primary_sparse_resource_matched,last_25pct_mean_auc,101,0.6707281250000001,selective_reset,0.6448125,0.02591562500000011,raw paired pilot value; no significance claim
primary_sparse_resource_matched,late_minus_early_auc,101,0.2705843750000001,selective_reset,0.30590625,-0.03532187499999989,raw paired pilot value; no significance claim
primary_sparse_resource_matched,auc_lifetime_slope,101,0.00350343815631563,selective_reset,0.003820638313831382,-0.00031720015751575186,raw paired pilot value; no significance claim
primary_sparse_resource_matched,mean_end_accuracy,101,0.7190468750000001,selective_reset,0.6807500000000001,0.03829687500000001,raw paired pilot value; no significance claim
primary_sparse_resource_matched,mean_adaptation_auc,202,0.5930015625,selective_reset,0.55329296875,0.03970859375000002,raw paired pilot value; no significance claim
primary_sparse_resource_matched,first_25pct_mean_auc,202,0.41313125,selective_reset,0.335778125,0.07735312500000002,raw paired pilot value; no significance claim
primary_sparse_resource_matched,last_25pct_mean_auc,202,0.670403125,selective_reset,0.6546625,0.015740624999999953,raw paired pilot value; no significance claim
primary_sparse_resource_matched,late_minus_early_auc,202,0.257271875,selective_reset,0.31888437500000005,-0.06161250000000007,raw paired pilot value; no significance claim
primary_sparse_resource_matched,auc_lifetime_slope,202,0.003283323019801982,selective_reset,0.004030576338883888,-0.0007472533190819061,raw paired pilot value; no significance claim
primary_sparse_resource_matched,mean_end_accuracy,202,0.7208437500000001,selective_reset,0.6788671874999997,0.04197656250000037,raw paired pilot value; no significance claim
primary_sparse_resource_matched,mean_adaptation_auc,303,0.5921726562499999,selective_reset,0.54682265625,0.04534999999999989,raw paired pilot value; no significance claim
primary_sparse_resource_matched,first_25pct_mean_auc,303,0.392646875,selective_reset,0.32022812500000003,0.07241874999999998,raw paired pilot value; no significance claim
primary_sparse_resource_matched,last_25pct_mean_auc,303,0.6821249999999999,selective_reset,0.6464718749999999,0.03565312499999995,raw paired pilot value; no significance claim
primary_sparse_resource_matched,late_minus_early_auc,303,0.28947812499999986,selective_reset,0.3262437499999999,-0.036765625000000024,raw paired pilot value; no significance claim
primary_sparse_resource_matched,auc_lifetime_slope,303,0.0036754898927392698,selective_reset,0.00409939947119712,-0.00042390957845784985,raw paired pilot value; no significance claim
primary_sparse_resource_matched,mean_end_accuracy,303,0.7212109375,selective_reset,0.6748359374999999,0.046375000000000055,raw paired pilot value; no significance claim
primary_sparse_resource_matched,mean_adaptation_auc,101,0.5890328125,rigl,0.5438515625,0.04518124999999995,raw paired pilot value; no significance claim
primary_sparse_resource_matched,first_25pct_mean_auc,101,0.40014375,rigl,0.35963125000000007,0.04051249999999995,raw paired pilot value; no significance claim
primary_sparse_resource_matched,last_25pct_mean_auc,101,0.6707281250000001,rigl,0.61169375,0.05903437500000008,raw paired pilot value; no significance claim
primary_sparse_resource_matched,late_minus_early_auc,101,0.2705843750000001,rigl,0.25206249999999997,0.018521875000000132,raw paired pilot value; no significance claim
primary_sparse_resource_matched,auc_lifetime_slope,101,0.00350343815631563,rigl,0.0031724478697869774,0.00033099028652865256,raw paired pilot value; no significance claim
primary_sparse_resource_matched,mean_end_accuracy,101,0.7190468750000001,rigl,0.6769140624999999,0.04213281250000023,raw paired pilot value; no significance claim
primary_sparse_resource_matched,mean_adaptation_auc,202,0.5930015625,rigl,0.5485023437500001,0.04449921874999996,raw paired pilot value; no significance claim
primary_sparse_resource_matched,first_25pct_mean_auc,202,0.41313125,rigl,0.376325,0.036806249999999985,raw paired pilot value; no significance claim
primary_sparse_resource_matched,last_25pct_mean_auc,202,0.670403125,rigl,0.6115687500000001,0.05883437499999988,raw paired pilot value; no significance claim
primary_sparse_resource_matched,late_minus_early_auc,202,0.257271875,rigl,0.23524375000000008,0.0220281249999999,raw paired pilot value; no significance claim
primary_sparse_resource_matched,auc_lifetime_slope,202,0.003283323019801982,rigl,0.002992815687818779,0.0002905073319832028,raw paired pilot value; no significance claim
primary_sparse_resource_matched,mean_end_accuracy,202,0.7208437500000001,rigl,0.6815703124999999,0.03927343750000023,raw paired pilot value; no significance claim
primary_sparse_resource_matched,mean_adaptation_auc,303,0.5921726562499999,rigl,0.53654453125,0.05562812499999992,raw paired pilot value; no significance claim
primary_sparse_resource_matched,first_25pct_mean_auc,303,0.392646875,rigl,0.34919062500000003,0.043456249999999974,raw paired pilot value; no significance claim
primary_sparse_resource_matched,last_25pct_mean_auc,303,0.6821249999999999,rigl,0.6044375,0.07768749999999991,raw paired pilot value; no significance claim
primary_sparse_resource_matched,late_minus_early_auc,303,0.28947812499999986,rigl,0.25524687499999993,0.034231249999999935,raw paired pilot value; no significance claim
primary_sparse_resource_matched,auc_lifetime_slope,303,0.0036754898927392698,rigl,0.003150573338583858,0.0005249165541554119,raw paired pilot value; no significance claim
primary_sparse_resource_matched,mean_end_accuracy,303,0.7212109375,rigl,0.668875,0.052335937499999985,raw paired pilot value; no significance claim
primary_sparse_resource_matched,mean_adaptation_auc,101,0.5890328125,continual_backprop_sparse,0.5466023437499999,0.042430468750000006,raw paired pilot value; no significance claim
primary_sparse_resource_matched,first_25pct_mean_auc,101,0.40014375,continual_backprop_sparse,0.33694374999999993,0.06320000000000009,raw paired pilot value; no significance claim
primary_sparse_resource_matched,last_25pct_mean_auc,101,0.6707281250000001,continual_backprop_sparse,0.636984375,0.03374375000000007,raw paired pilot value; no significance claim
primary_sparse_resource_matched,late_minus_early_auc,101,0.2705843750000001,continual_backprop_sparse,0.3000406250000001,-0.029456250000000017,raw paired pilot value; no significance claim
primary_sparse_resource_matched,auc_lifetime_slope,101,0.00350343815631563,continual_backprop_sparse,0.0037518259638463828,-0.00024838780753075286,raw paired pilot value; no significance claim
primary_sparse_resource_matched,mean_end_accuracy,101,0.7190468750000001,continual_backprop_sparse,0.6761328124999999,0.04291406250000018,raw paired pilot value; no significance claim
primary_sparse_resource_matched,mean_adaptation_auc,202,0.5930015625,continual_backprop_sparse,0.5510421875000001,0.04195937499999991,raw paired pilot value; no significance claim
primary_sparse_resource_matched,first_25pct_mean_auc,202,0.41313125,continual_backprop_sparse,0.33022187499999994,0.08290937500000006,raw paired pilot value; no significance claim
primary_sparse_resource_matched,last_25pct_mean_auc,202,0.670403125,continual_backprop_sparse,0.652909375,0.017493749999999975,raw paired pilot value; no significance claim
primary_sparse_resource_matched,late_minus_early_auc,202,0.257271875,continual_backprop_sparse,0.32268750000000007,-0.06541562500000009,raw paired pilot value; no significance claim
primary_sparse_resource_matched,auc_lifetime_slope,202,0.003283323019801982,continual_backprop_sparse,0.004076699857485749,-0.0007933768376837667,raw paired pilot value; no significance claim
primary_sparse_resource_matched,mean_end_accuracy,202,0.7208437500000001,continual_backprop_sparse,0.6779765624999999,0.04286718750000018,raw paired pilot value; no significance claim
primary_sparse_resource_matched,mean_adaptation_auc,303,0.5921726562499999,continual_backprop_sparse,0.54314921875,0.04902343749999993,raw paired pilot value; no significance claim
primary_sparse_resource_matched,first_25pct_mean_auc,303,0.392646875,continual_backprop_sparse,0.311134375,0.08151249999999999,raw paired pilot value; no significance claim
primary_sparse_resource_matched,last_25pct_mean_auc,303,0.6821249999999999,continual_backprop_sparse,0.6452562500000001,0.036868749999999784,raw paired pilot value; no significance claim
primary_sparse_resource_matched,late_minus_early_auc,303,0.28947812499999986,continual_backprop_sparse,0.33412187500000007,-0.044643750000000204,raw paired pilot value; no significance claim
primary_sparse_resource_matched,auc_lifetime_slope,303,0.0036754898927392698,continual_backprop_sparse,0.004175293935643562,-0.0004998040429042921,raw paired pilot value; no significance claim
primary_sparse_resource_matched,mean_end_accuracy,303,0.7212109375,continual_backprop_sparse,0.6701250000000001,0.0510859374999999,raw paired pilot value; no significance claim
