model,seed,comparison_group,data_source,mean_adaptation_auc,first_25pct_mean_auc,last_25pct_mean_auc,late_minus_early_auc,auc_lifetime_slope,mean_end_accuracy,last_permutation_end_accuracy,runtime_seconds,total_possible_parameters,actual_tensor_parameters,logical_active_parameters,active_parameters,trainable_active_parameters,model_tensor_memory_bytes,auxiliary_algorithm_state_memory_bytes,optimizer_state_memory_bytes,estimated_total_training_state_memory_bytes,estimated_dense_macs_per_example,rewire_event_count,total_edges_pruned,total_edges_grown,cumulative_edge_turnover,mean_active_utility,std_active_utility,replacement_count,rewire_count,reset_count
ccdn_0a,101,primary_sparse_resource_matched,mnist,0.5890328125,0.40014375,0.6707281250000001,0.2705843750000001,0.00350343815631563,0.7190468750000001,0.78515625,34.25327758397907,669706,669706,134769,134769,134769,3347496,2674688,0,6022184,668672,78.0,521508.0,521508.0,1043016.0,7.062035729177296e-05,0.0004533033061306,,,
ccdn_0a,202,primary_sparse_resource_matched,mnist,0.5930015625,0.41313125,0.670403125,0.257271875,0.003283323019801982,0.7208437500000001,0.8234375,35.34140379203018,669706,669706,134769,134769,134769,3347496,2674688,0,6022184,668672,78.0,521508.0,521508.0,1043016.0,7.032709254417568e-05,0.000400667253416,,,
ccdn_0a,303,primary_sparse_resource_matched,mnist,0.5921726562499999,0.392646875,0.6821249999999999,0.28947812499999986,0.0036754898927392698,0.7212109375,0.84140625,35.61360941606108,669706,669706,134769,134769,134769,3347496,2674688,0,6022184,668672,78.0,521508.0,521508.0,1043016.0,7.059387280605733e-05,0.0004019631887786,,,
continual_backprop,101,contextual_dense_reference,mnist,0.7225203125,0.6951124999999999,0.736690625,0.04157812500000013,0.0005806461896189544,0.8524765625000001,0.86640625,24.44392491702456,669706,669706,669706,669706,669706,2678824,12288,0,2691112,668672,,,,,,,780.0,,
continual_backprop,202,contextual_dense_reference,mnist,0.7245085937500001,0.693496875,0.7445218750000001,0.0510250000000001,0.0006756567844284381,0.8528984375,0.87734375,24.221285499981605,669706,669706,669706,669706,669706,2678824,12288,0,2691112,668672,,,,,,,780.0,,
continual_backprop,303,contextual_dense_reference,mnist,0.7243304687500001,0.6965750000000002,0.73620625,0.039631249999999785,0.0005606074669967009,0.8530390625000002,0.8765625,23.648771916981786,669706,669706,669706,669706,669706,2678824,12288,0,2691112,668672,,,,,,,780.0,,
continual_backprop_sparse,101,primary_sparse_resource_matched,mnist,0.5466023437499999,0.33694374999999993,0.636984375,0.3000406250000001,0.0037518259638463828,0.6761328124999999,0.79296875,26.910968207987025,669706,669706,134769,134769,134769,3347496,12288,0,3359784,668672,,,,,,,780.0,,
continual_backprop_sparse,202,primary_sparse_resource_matched,mnist,0.5510421875000001,0.33022187499999994,0.652909375,0.32268750000000007,0.004076699857485749,0.6779765624999999,0.80390625,28.392521083005704,669706,669706,134769,134769,134769,3347496,12288,0,3359784,668672,,,,,,,780.0,,
continual_backprop_sparse,303,primary_sparse_resource_matched,mnist,0.54314921875,0.311134375,0.6452562500000001,0.33412187500000007,0.004175293935643562,0.6701250000000001,0.80078125,28.528468291973695,669706,669706,134769,134769,134769,3347496,12288,0,3359784,668672,,,,,,,780.0,,
rigl,101,primary_sparse_resource_matched,mnist,0.5438515625,0.35963125000000007,0.61169375,0.25206249999999997,0.0031724478697869774,0.6769140624999999,0.76953125,30.83573854097631,669706,669706,134769,134769,134769,3347496,0,0,3347496,668672,,,,,,,,234.0,
rigl,202,primary_sparse_resource_matched,mnist,0.5485023437500001,0.376325,0.6115687500000001,0.23524375000000008,0.002992815687818779,0.6815703124999999,0.73984375,31.267085707979277,669706,669706,134769,134769,134769,3347496,0,0,3347496,668672,,,,,,,,234.0,
rigl,303,primary_sparse_resource_matched,mnist,0.53654453125,0.34919062500000003,0.6044375,0.25524687499999993,0.003150573338583858,0.668875,0.778125,30.942315125023015,669706,669706,134769,134769,134769,3347496,0,0,3347496,668672,,,,,,,,234.0,
selective_reset,101,primary_sparse_resource_matched,mnist,0.5521984375000001,0.33890625,0.6448125,0.30590625,0.003820638313831382,0.6807500000000001,0.803125,65.52732345904224,669706,669706,134769,134769,134769,3347496,2674688,0,6022184,668672,,,,,,,,,521586.0
selective_reset,202,primary_sparse_resource_matched,mnist,0.55329296875,0.335778125,0.6546625,0.31888437500000005,0.004030576338883888,0.6788671874999997,0.80390625,64.69483133393805,669706,669706,134769,134769,134769,3347496,2674688,0,6022184,668672,,,,,,,,,521586.0
selective_reset,303,primary_sparse_resource_matched,mnist,0.54682265625,0.32022812500000003,0.6464718749999999,0.3262437499999999,0.00409939947119712,0.6748359374999999,0.7984375,64.85854012495838,669706,669706,134769,134769,134769,3347496,2674688,0,6022184,668672,,,,,,,,,521586.0
static_dense,101,contextual_dense_reference,mnist,0.7207843749999999,0.694928125,0.725440625,0.030512499999999942,0.0004325251275127467,0.8514375000000001,0.85859375,23.32852804195136,669706,669706,669706,669706,669706,2678824,0,0,2678824,668672,,,,,,,,,
static_dense,202,contextual_dense_reference,mnist,0.7187929687500001,0.6934437500000001,0.733021875,0.03957812499999991,0.000530629781728174,0.849140625,0.8703125,24.671589583042078,669706,669706,669706,669706,669706,2678824,0,0,2678824,668672,,,,,,,,,
static_dense,303,contextual_dense_reference,mnist,0.7216335937499998,0.69621875,0.7308906249999998,0.0346718749999998,0.0004956519089408868,0.8503750000000001,0.8765625,23.30484825000167,669706,669706,669706,669706,669706,2678824,0,0,2678824,668672,,,,,,,,,
static_sparse,101,primary_sparse_resource_matched,mnist,0.5465171875,0.3361125,0.637340625,0.301228125,0.0037749840609060865,0.6757343749999998,0.79453125,28.08097566710785,669706,669706,134769,134769,134769,3347496,0,0,3347496,668672,,,,,,,,,
static_sparse,202,primary_sparse_resource_matched,mnist,0.5454007812499999,0.32745,0.6414937500000001,0.31404375000000007,0.003984940837833783,0.6731484375000001,0.80546875,28.1146230410086,669706,669706,134769,134769,134769,3347496,0,0,3347496,668672,,,,,,,,,
static_sparse,303,primary_sparse_resource_matched,mnist,0.5441171874999999,0.310740625,0.6480750000000001,0.3373343750000001,0.004222443181818181,0.6710312500000001,0.7953125,27.745029666926712,669706,669706,134769,134769,134769,3347496,0,0,3347496,668672,,,,,,,,,
