global_step,permutation_index,samples_seen,train_loss,eval_loss,eval_accuracy,total_possible_parameters,actual_tensor_parameters,logical_active_parameters,active_parameters,trainable_active_parameters,model_tensor_memory_bytes,auxiliary_algorithm_state_memory_bytes,optimizer_state_memory_bytes,estimated_total_training_state_memory_bytes,estimated_dense_macs_per_example,dormant_relu_fraction,activation_mean,activation_std,weight_l2_norm,rewire_count
0,0,0,0.0,2.319100856781006,0.0625,269322,269322,54282,54282,54282,1346088,0,0,1346088,268800,0.25634765625,1.224684715270996,1.0538675785064697,7.179366588592529,0
2,0,64,2.3000783920288086,2.3249311447143555,0.0625,269322,269322,54282,54282,54282,1346088,0,0,1346088,268800,0.2593994140625,1.2243833541870117,1.0536617040634155,7.179014205932617,0
2,1,64,2.3000783920288086,2.3255059719085693,0.0625,269322,269322,54282,54282,54282,1346088,0,0,1346088,268800,0.259765625,1.2249349355697632,1.0543608665466309,7.179014205932617,0
4,1,128,2.298370599746704,2.332585334777832,0.0625,269322,269322,54282,54282,54282,1346088,0,0,1346088,268800,0.26129150390625,1.2252495288848877,1.0539270639419556,7.179019927978516,0
4,2,128,2.298370599746704,2.332807779312134,0.0625,269322,269322,54282,54282,54282,1346088,0,0,1346088,268800,0.26055908203125,1.2247912883758545,1.0534905195236206,7.179019927978516,0
6,2,192,2.2735469341278076,2.345998525619507,0.03125,269322,269322,54282,54282,54282,1346088,0,0,1346088,268800,0.26104736328125,1.1301844120025635,0.9723089933395386,7.039510250091553,3
6,3,192,2.2735469341278076,2.345402717590332,0.03125,269322,269322,54282,54282,54282,1346088,0,0,1346088,268800,0.26177978515625,1.1305294036865234,0.9723871946334839,7.039510250091553,3
8,3,256,2.2747738361358643,2.355757713317871,0.03125,269322,269322,54282,54282,54282,1346088,0,0,1346088,268800,0.2628173828125,1.1316535472869873,0.971909761428833,7.03992223739624,3
8,4,256,2.2747738361358643,2.3565011024475098,0.03125,269322,269322,54282,54282,54282,1346088,0,0,1346088,268800,0.26263427734375,1.1309354305267334,0.971618115901947,7.03992223739624,3
10,4,320,2.2524938583374023,2.354992628097534,0.0625,269322,269322,54282,54282,54282,1346088,0,0,1346088,268800,0.26580810546875,1.1303189992904663,0.9721828103065491,7.040346145629883,6
10,5,320,2.2524938583374023,2.3540594577789307,0.0625,269322,269322,54282,54282,54282,1346088,0,0,1346088,268800,0.26666259765625,1.1303389072418213,0.972008228302002,7.040346145629883,6
12,5,384,2.280604839324951,2.365952968597412,0.0625,269322,269322,54282,54282,54282,1346088,0,0,1346088,268800,0.26837158203125,1.1317594051361084,0.9713204503059387,7.0409016609191895,6
12,6,384,2.280604839324951,2.367213726043701,0.0625,269322,269322,54282,54282,54282,1346088,0,0,1346088,268800,0.2685546875,1.1339401006698608,0.9730091094970703,7.0409016609191895,6
14,6,448,2.2662267684936523,2.3787686824798584,0.0625,269322,269322,54282,54282,54282,1346088,0,0,1346088,268800,0.26922607421875,1.1354844570159912,0.9723262190818787,7.041565418243408,6
14,7,448,2.2662267684936523,2.3774728775024414,0.0625,269322,269322,54282,54282,54282,1346088,0,0,1346088,268800,0.26824951171875,1.1349380016326904,0.9720917344093323,7.041565418243408,6
16,7,512,2.2302160263061523,2.3760757446289062,0.0625,269322,269322,54282,54282,54282,1346088,0,0,1346088,268800,0.26580810546875,1.1347486972808838,0.9723228216171265,7.042119026184082,9
16,8,512,2.2302160263061523,2.3754966259002686,0.0625,269322,269322,54282,54282,54282,1346088,0,0,1346088,268800,0.265869140625,1.1325079202651978,0.9704412221908569,7.042119026184082,9
18,8,576,2.2661752700805664,2.381666660308838,0.0625,269322,269322,54282,54282,54282,1346088,0,0,1346088,268800,0.269287109375,1.133183240890503,0.9703284502029419,7.042701244354248,9
18,9,576,2.2661752700805664,2.38346791267395,0.0625,269322,269322,54282,54282,54282,1346088,0,0,1346088,268800,0.2691650390625,1.134458065032959,0.9715623259544373,7.042701244354248,9
20,9,640,2.280197858810425,2.3873343467712402,0.0625,269322,269322,54282,54282,54282,1346088,0,0,1346088,268800,0.26885986328125,1.1349966526031494,0.9712706804275513,7.04323673248291,12
20,10,640,2.280197858810425,2.3858625888824463,0.0625,269322,269322,54282,54282,54282,1346088,0,0,1346088,268800,0.2686767578125,1.1346074342727661,0.9708881378173828,7.04323673248291,12
22,10,704,2.3023064136505127,2.393521785736084,0.0625,269322,269322,54282,54282,54282,1346088,0,0,1346088,268800,0.2701416015625,1.135697841644287,0.9704800844192505,7.04372501373291,12
22,11,704,2.3023064136505127,2.394561290740967,0.0625,269322,269322,54282,54282,54282,1346088,0,0,1346088,268800,0.27008056640625,1.134926676750183,0.9695849418640137,7.04372501373291,12
24,11,768,2.294180393218994,2.4017856121063232,0.0625,269322,269322,54282,54282,54282,1346088,0,0,1346088,268800,0.27154541015625,1.1359481811523438,0.9692087173461914,7.044179916381836,12
24,12,768,2.294180393218994,2.402210235595703,0.0625,269322,269322,54282,54282,54282,1346088,0,0,1346088,268800,0.2711181640625,1.1366024017333984,0.9696205258369446,7.044179916381836,12
26,12,832,2.156953811645508,2.416653871536255,0.0625,269322,269322,54282,54282,54282,1346088,0,0,1346088,268800,0.27166748046875,1.1388931274414062,0.9696311950683594,7.044745922088623,15
26,13,832,2.156953811645508,2.4165704250335693,0.0625,269322,269322,54282,54282,54282,1346088,0,0,1346088,268800,0.2706298828125,1.1392691135406494,0.9701838493347168,7.044745922088623,15
28,13,896,2.279477119445801,2.4188454151153564,0.0625,269322,269322,54282,54282,54282,1346088,0,0,1346088,268800,0.2711181640625,1.139816164970398,0.9701431393623352,7.044992923736572,15
28,14,896,2.279477119445801,2.417708396911621,0.0625,269322,269322,54282,54282,54282,1346088,0,0,1346088,268800,0.27264404296875,1.1395753622055054,0.9700780510902405,7.044992923736572,15
30,14,960,2.276003837585449,2.4046120643615723,0.0625,269322,269322,54282,54282,54282,1346088,0,0,1346088,268800,0.2728271484375,1.1372332572937012,0.9699762463569641,7.045220851898193,18
30,15,960,2.276003837585449,2.4047985076904297,0.0625,269322,269322,54282,54282,54282,1346088,0,0,1346088,268800,0.27301025390625,1.1361640691757202,0.9687920808792114,7.045220851898193,18
32,15,1024,2.242011547088623,2.4118833541870117,0.0625,269322,269322,54282,54282,54282,1346088,0,0,1346088,268800,0.2742919921875,1.137178659439087,0.9684914946556091,7.045696258544922,18
32,16,1024,2.242011547088623,2.411877155303955,0.0625,269322,269322,54282,54282,54282,1346088,0,0,1346088,268800,0.27471923828125,1.1380054950714111,0.9692786335945129,7.045696258544922,18
34,16,1088,2.198056221008301,2.4176690578460693,0.0625,269322,269322,54282,54282,54282,1346088,0,0,1346088,268800,0.27691650390625,1.1384797096252441,0.9693135619163513,7.046107769012451,18
34,17,1088,2.198056221008301,2.4177122116088867,0.0625,269322,269322,54282,54282,54282,1346088,0,0,1346088,268800,0.2755126953125,1.138089656829834,0.9690502882003784,7.046107769012451,18
36,17,1152,2.237473487854004,2.419661521911621,0.0625,269322,269322,54282,54282,54282,1346088,0,0,1346088,268800,0.27374267578125,1.1379480361938477,0.9689590930938721,7.046525955200195,21
36,18,1152,2.237473487854004,2.4203391075134277,0.0625,269322,269322,54282,54282,54282,1346088,0,0,1346088,268800,0.274658203125,1.1385748386383057,0.969599723815918,7.046525955200195,21
38,18,1216,2.2509777545928955,2.4236814975738525,0.0625,269322,269322,54282,54282,54282,1346088,0,0,1346088,268800,0.275146484375,1.1391661167144775,0.9694409370422363,7.046810626983643,21
38,19,1216,2.2509777545928955,2.4239020347595215,0.0625,269322,269322,54282,54282,54282,1346088,0,0,1346088,268800,0.274658203125,1.1383898258209229,0.9685930013656616,7.046810626983643,21
40,19,1280,2.2629342079162598,2.4235572814941406,0.0625,269322,269322,54282,54282,54282,1346088,0,0,1346088,268800,0.27484130859375,1.13862943649292,0.9685262441635132,7.047064304351807,24
