global_step,permutation_index,samples_seen,train_loss,eval_loss,eval_accuracy,total_possible_parameters,actual_tensor_parameters,logical_active_parameters,active_parameters,trainable_active_parameters,model_tensor_memory_bytes,auxiliary_algorithm_state_memory_bytes,optimizer_state_memory_bytes,estimated_total_training_state_memory_bytes,estimated_dense_macs_per_example,dormant_relu_fraction,activation_mean,activation_std,weight_l2_norm,replacement_count
0,0,0,0.0,2.3118481636047363,0.0625,269322,269322,269322,269322,269322,1077288,6144,0,1083432,268800,0.51898193359375,0.09180811792612076,0.15388815104961395,13.212302207946777,0
2,0,64,2.313129186630249,2.310760498046875,0.15625,269322,269322,269322,269322,269322,1077288,6144,0,1083432,268800,0.5181884765625,0.09114944934844971,0.15307767689228058,13.21218204498291,0
2,1,64,2.313129186630249,2.3120620250701904,0.09375,269322,269322,269322,269322,269322,1077288,6144,0,1083432,268800,0.51641845703125,0.09375295788049698,0.15548022091388702,13.21218204498291,0
4,1,128,2.326960563659668,2.311406135559082,0.1875,269322,269322,269322,269322,269322,1077288,6144,0,1083432,268800,0.51727294921875,0.09288030862808228,0.15495361387729645,13.212052345275879,0
4,2,128,2.326960563659668,2.316257953643799,0.0625,269322,269322,269322,269322,269322,1077288,6144,0,1083432,268800,0.52349853515625,0.09083911031484604,0.15393784642219543,13.212052345275879,0
6,2,192,2.30212664604187,2.3183906078338623,0.0625,269322,269322,269322,269322,269322,1077288,6144,0,1083432,268800,0.51080322265625,0.09342282265424728,0.15507978200912476,13.216596603393555,10
6,3,192,2.30212664604187,2.316500186920166,0.09375,269322,269322,269322,269322,269322,1077288,6144,0,1083432,268800,0.51019287109375,0.0938454270362854,0.15561474859714508,13.216596603393555,10
8,3,256,2.302055835723877,2.3159894943237305,0.03125,269322,269322,269322,269322,269322,1077288,6144,0,1083432,268800,0.51202392578125,0.0935339480638504,0.15583671629428864,13.216591835021973,10
8,4,256,2.302055835723877,2.3202579021453857,0.03125,269322,269322,269322,269322,269322,1077288,6144,0,1083432,268800,0.506103515625,0.09375922381877899,0.15553729236125946,13.216591835021973,10
10,4,320,2.297140598297119,2.320607900619507,0.03125,269322,269322,269322,269322,269322,1077288,6144,0,1083432,268800,0.498046875,0.09491848945617676,0.15663444995880127,13.21556282043457,20
10,5,320,2.297140598297119,2.322171688079834,0.03125,269322,269322,269322,269322,269322,1077288,6144,0,1083432,268800,0.5042724609375,0.09492367506027222,0.15614093840122223,13.21556282043457,20
12,5,384,2.293351888656616,2.3222920894622803,0.03125,269322,269322,269322,269322,269322,1077288,6144,0,1083432,268800,0.50567626953125,0.09527073800563812,0.15728312730789185,13.215598106384277,20
12,6,384,2.293351888656616,2.3186702728271484,0.03125,269322,269322,269322,269322,269322,1077288,6144,0,1083432,268800,0.503662109375,0.09477266669273376,0.1577323079109192,13.215598106384277,20
14,6,448,2.293945074081421,2.3185291290283203,0.03125,269322,269322,269322,269322,269322,1077288,6144,0,1083432,268800,0.5048828125,0.09539797902107239,0.15924498438835144,13.215779304504395,20
14,7,448,2.293945074081421,2.3098785877227783,0.03125,269322,269322,269322,269322,269322,1077288,6144,0,1083432,268800,0.50506591796875,0.09512204676866531,0.15830720961093903,13.215779304504395,20
16,7,512,2.2907204627990723,2.3101587295532227,0.0625,269322,269322,269322,269322,269322,1077288,6144,0,1083432,268800,0.496337890625,0.0976584181189537,0.16145746409893036,13.21961498260498,30
16,8,512,2.2907204627990723,2.309741497039795,0.0625,269322,269322,269322,269322,269322,1077288,6144,0,1083432,268800,0.49798583984375,0.09752760082483292,0.16147467494010925,13.21961498260498,30
18,8,576,2.275327205657959,2.3098456859588623,0.0625,269322,269322,269322,269322,269322,1077288,6144,0,1083432,268800,0.49981689453125,0.09824015945196152,0.16341660916805267,13.219804763793945,30
18,9,576,2.275327205657959,2.3232133388519287,0.0625,269322,269322,269322,269322,269322,1077288,6144,0,1083432,268800,0.5010986328125,0.0974297747015953,0.1629914492368698,13.219804763793945,30
20,9,640,2.2902252674102783,2.321969985961914,0.0625,269322,269322,269322,269322,269322,1077288,6144,0,1083432,268800,0.4993896484375,0.09914573282003403,0.16561336815357208,13.218263626098633,40
20,10,640,2.2902252674102783,2.3111491203308105,0.0625,269322,269322,269322,269322,269322,1077288,6144,0,1083432,268800,0.49664306640625,0.09947744756937027,0.16478121280670166,13.218263626098633,40
22,10,704,2.2716288566589355,2.311410903930664,0.0625,269322,269322,269322,269322,269322,1077288,6144,0,1083432,268800,0.49871826171875,0.10080933570861816,0.16717025637626648,13.218480110168457,40
22,11,704,2.2716288566589355,2.3158366680145264,0.0625,269322,269322,269322,269322,269322,1077288,6144,0,1083432,268800,0.5023193359375,0.10232669115066528,0.17076754570007324,13.218480110168457,40
24,11,768,2.2749509811401367,2.3173105716705322,0.0625,269322,269322,269322,269322,269322,1077288,6144,0,1083432,268800,0.5040283203125,0.10362964123487473,0.17322270572185516,13.218720436096191,40
24,12,768,2.2749509811401367,2.30961537361145,0.0625,269322,269322,269322,269322,269322,1077288,6144,0,1083432,268800,0.49981689453125,0.10369467735290527,0.1717301607131958,13.218720436096191,40
26,12,832,2.290578603744507,2.3116402626037598,0.0625,269322,269322,269322,269322,269322,1077288,6144,0,1083432,268800,0.4959716796875,0.10715663433074951,0.17611251771450043,13.21967887878418,50
26,13,832,2.290578603744507,2.3130104541778564,0.0625,269322,269322,269322,269322,269322,1077288,6144,0,1083432,268800,0.495849609375,0.10600244998931885,0.17381496727466583,13.21967887878418,50
28,13,896,2.2889437675476074,2.3142170906066895,0.0625,269322,269322,269322,269322,269322,1077288,6144,0,1083432,268800,0.4990234375,0.10723421722650528,0.1764964759349823,13.219865798950195,50
28,14,896,2.2889437675476074,2.315563917160034,0.0625,269322,269322,269322,269322,269322,1077288,6144,0,1083432,268800,0.4970703125,0.10891611129045486,0.17983882129192352,13.219865798950195,50
30,14,960,2.2709691524505615,2.317176103591919,0.0625,269322,269322,269322,269322,269322,1077288,6144,0,1083432,268800,0.48565673828125,0.1124904528260231,0.18271933495998383,13.2181978225708,60
30,15,960,2.2709691524505615,2.322385311126709,0.0625,269322,269322,269322,269322,269322,1077288,6144,0,1083432,268800,0.48931884765625,0.11255607008934021,0.18328194320201874,13.2181978225708,60
32,15,1024,2.2492759227752686,2.3239829540252686,0.0625,269322,269322,269322,269322,269322,1077288,6144,0,1083432,268800,0.4898681640625,0.11403938382863998,0.18555057048797607,13.218389511108398,60
32,16,1024,2.2492759227752686,2.3238019943237305,0.0625,269322,269322,269322,269322,269322,1077288,6144,0,1083432,268800,0.48828125,0.11315862089395523,0.1836499720811844,13.218389511108398,60
34,16,1088,2.3176541328430176,2.3248178958892822,0.0625,269322,269322,269322,269322,269322,1077288,6144,0,1083432,268800,0.486572265625,0.11460486054420471,0.18578943610191345,13.21862506866455,60
34,17,1088,2.3176541328430176,2.3222618103027344,0.0625,269322,269322,269322,269322,269322,1077288,6144,0,1083432,268800,0.48956298828125,0.11454487591981888,0.18723048269748688,13.21862506866455,60
36,17,1152,2.2630271911621094,2.324734926223755,0.0625,269322,269322,269322,269322,269322,1077288,6144,0,1083432,268800,0.48004150390625,0.11827384680509567,0.19001534581184387,13.222074508666992,70
36,18,1152,2.2630271911621094,2.328845500946045,0.0625,269322,269322,269322,269322,269322,1077288,6144,0,1083432,268800,0.4822998046875,0.11829710006713867,0.188482403755188,13.222074508666992,70
38,18,1216,2.2531096935272217,2.3307251930236816,0.0625,269322,269322,269322,269322,269322,1077288,6144,0,1083432,268800,0.48089599609375,0.11947055906057358,0.1904117912054062,13.22227668762207,70
38,19,1216,2.2531096935272217,2.321822166442871,0.0625,269322,269322,269322,269322,269322,1077288,6144,0,1083432,268800,0.47845458984375,0.12025240063667297,0.19154392182826996,13.22227668762207,70
40,19,1280,2.2874960899353027,2.3210251331329346,0.0625,269322,269322,269322,269322,269322,1077288,6144,0,1083432,268800,0.47113037109375,0.1230521947145462,0.19385169446468353,13.227412223815918,80
