global_step,permutation_index,samples_seen,train_loss,eval_loss,eval_accuracy,total_possible_parameters,actual_tensor_parameters,logical_active_parameters,active_parameters,trainable_active_parameters,model_tensor_memory_bytes,auxiliary_algorithm_state_memory_bytes,optimizer_state_memory_bytes,estimated_total_training_state_memory_bytes,estimated_dense_macs_per_example,dormant_relu_fraction,activation_mean,activation_std,weight_l2_norm
0,0,0,0.0,2.3118484020233154,0.125,269322,269322,54282,54282,54282,1346088,0,0,1346088,268800,0.2200927734375,1.2448046207427979,1.034400463104248,7.171363830566406
2,0,64,2.315915584564209,2.31099009513855,0.03125,269322,269322,54282,54282,54282,1346088,0,0,1346088,268800,0.22296142578125,1.2445448637008667,1.0346041917800903,7.171252250671387
2,1,64,2.315915584564209,2.3107008934020996,0.03125,269322,269322,54282,54282,54282,1346088,0,0,1346088,268800,0.2222900390625,1.245548129081726,1.035439372062683,7.171252250671387
4,1,128,2.2965288162231445,2.311082124710083,0.03125,269322,269322,54282,54282,54282,1346088,0,0,1346088,268800,0.2249755859375,1.2455390691757202,1.0356147289276123,7.171339511871338
4,2,128,2.2965288162231445,2.311399459838867,0.03125,269322,269322,54282,54282,54282,1346088,0,0,1346088,268800,0.2254638671875,1.2447178363800049,1.0351001024246216,7.171339511871338
6,2,192,2.283055067062378,2.3125858306884766,0.03125,269322,269322,54282,54282,54282,1346088,0,0,1346088,268800,0.2274169921875,1.2450919151306152,1.0350325107574463,7.171623706817627
6,3,192,2.283055067062378,2.312845230102539,0.0,269322,269322,54282,54282,54282,1346088,0,0,1346088,268800,0.2257080078125,1.2438015937805176,1.0338834524154663,7.171623706817627
8,3,256,2.290116548538208,2.313904047012329,0.0625,269322,269322,54282,54282,54282,1346088,0,0,1346088,268800,0.2266845703125,1.2443194389343262,1.0337836742401123,7.17201566696167
8,4,256,2.290116548538208,2.3138632774353027,0.0625,269322,269322,54282,54282,54282,1346088,0,0,1346088,268800,0.2281494140625,1.2453956604003906,1.0346907377243042,7.17201566696167
10,4,320,2.2781693935394287,2.3155360221862793,0.0625,269322,269322,54282,54282,54282,1346088,0,0,1346088,268800,0.2325439453125,1.2458226680755615,1.0347365140914917,7.1724162101745605
10,5,320,2.2781693935394287,2.314352512359619,0.0625,269322,269322,54282,54282,54282,1346088,0,0,1346088,268800,0.232421875,1.2457120418548584,1.034287929534912,7.1724162101745605
12,5,384,2.2717702388763428,2.316288948059082,0.0625,269322,269322,54282,54282,54282,1346088,0,0,1346088,268800,0.23486328125,1.2463114261627197,1.0342082977294922,7.172878742218018
12,6,384,2.2717702388763428,2.3179209232330322,0.0625,269322,269322,54282,54282,54282,1346088,0,0,1346088,268800,0.2337646484375,1.246241807937622,1.0343962907791138,7.172878742218018
14,6,448,2.2719380855560303,2.319768190383911,0.0625,269322,269322,54282,54282,54282,1346088,0,0,1346088,268800,0.23455810546875,1.2467705011367798,1.0343453884124756,7.173291206359863
14,7,448,2.2719380855560303,2.3188869953155518,0.0625,269322,269322,54282,54282,54282,1346088,0,0,1346088,268800,0.23516845703125,1.2467502355575562,1.0343337059020996,7.173291206359863
16,7,512,2.271975517272949,2.320622205734253,0.0625,269322,269322,54282,54282,54282,1346088,0,0,1346088,268800,0.2357177734375,1.2474020719528198,1.0341984033584595,7.173758029937744
16,8,512,2.271975517272949,2.3199479579925537,0.0625,269322,269322,54282,54282,54282,1346088,0,0,1346088,268800,0.23553466796875,1.2475626468658447,1.0344650745391846,7.173758029937744
18,8,576,2.2673211097717285,2.321721315383911,0.0625,269322,269322,54282,54282,54282,1346088,0,0,1346088,268800,0.2373046875,1.2480494976043701,1.0344597101211548,7.174161911010742
18,9,576,2.2673211097717285,2.3225581645965576,0.0625,269322,269322,54282,54282,54282,1346088,0,0,1346088,268800,0.2381591796875,1.2472200393676758,1.0340274572372437,7.174161911010742
20,9,640,2.282510995864868,2.3239688873291016,0.0625,269322,269322,54282,54282,54282,1346088,0,0,1346088,268800,0.238037109375,1.2478610277175903,1.0338680744171143,7.174617767333984
20,10,640,2.282510995864868,2.3246688842773438,0.0625,269322,269322,54282,54282,54282,1346088,0,0,1346088,268800,0.2376708984375,1.2482619285583496,1.0338364839553833,7.174617767333984
22,10,704,2.258903980255127,2.3263981342315674,0.0625,269322,269322,54282,54282,54282,1346088,0,0,1346088,268800,0.23773193359375,1.2488439083099365,1.033748745918274,7.175067901611328
22,11,704,2.258903980255127,2.325540065765381,0.0625,269322,269322,54282,54282,54282,1346088,0,0,1346088,268800,0.23736572265625,1.2495498657226562,1.034395694732666,7.175067901611328
24,11,768,2.260639190673828,2.327281951904297,0.0625,269322,269322,54282,54282,54282,1346088,0,0,1346088,268800,0.23919677734375,1.250048041343689,1.0343384742736816,7.175457954406738
24,12,768,2.260639190673828,2.327479124069214,0.0625,269322,269322,54282,54282,54282,1346088,0,0,1346088,268800,0.23822021484375,1.2507765293121338,1.0348474979400635,7.175457954406738
26,12,832,2.3054754734039307,2.3288285732269287,0.0625,269322,269322,54282,54282,54282,1346088,0,0,1346088,268800,0.24005126953125,1.2511498928070068,1.0348427295684814,7.1757917404174805
26,13,832,2.3054754734039307,2.3281469345092773,0.0625,269322,269322,54282,54282,54282,1346088,0,0,1346088,268800,0.24139404296875,1.2506135702133179,1.034134864807129,7.1757917404174805
28,13,896,2.278719663619995,2.3292863368988037,0.0625,269322,269322,54282,54282,54282,1346088,0,0,1346088,268800,0.24078369140625,1.251067042350769,1.0340235233306885,7.176105976104736
28,14,896,2.278719663619995,2.3299648761749268,0.0625,269322,269322,54282,54282,54282,1346088,0,0,1346088,268800,0.23858642578125,1.2512177228927612,1.034594178199768,7.176105976104736
30,14,960,2.2715835571289062,2.330718755722046,0.0625,269322,269322,54282,54282,54282,1346088,0,0,1346088,268800,0.24005126953125,1.2515429258346558,1.034615397453308,7.17640495300293
30,15,960,2.2715835571289062,2.3316609859466553,0.0625,269322,269322,54282,54282,54282,1346088,0,0,1346088,268800,0.24127197265625,1.250690221786499,1.0335859060287476,7.17640495300293
32,15,1024,2.228527069091797,2.3333661556243896,0.0625,269322,269322,54282,54282,54282,1346088,0,0,1346088,268800,0.24169921875,1.2510217428207397,1.033540964126587,7.176636219024658
32,16,1024,2.228527069091797,2.3322999477386475,0.0625,269322,269322,54282,54282,54282,1346088,0,0,1346088,268800,0.240234375,1.2510302066802979,1.0335502624511719,7.176636219024658
34,16,1088,2.326582670211792,2.33292818069458,0.0625,269322,269322,54282,54282,54282,1346088,0,0,1346088,268800,0.24090576171875,1.2512999773025513,1.0335074663162231,7.176817417144775
34,17,1088,2.326582670211792,2.3324687480926514,0.0625,269322,269322,54282,54282,54282,1346088,0,0,1346088,268800,0.24169921875,1.2518424987792969,1.0345009565353394,7.176817417144775
36,17,1152,2.2516868114471436,2.3336181640625,0.0625,269322,269322,54282,54282,54282,1346088,0,0,1346088,268800,0.244384765625,1.2520383596420288,1.03452730178833,7.176997184753418
36,18,1152,2.2516868114471436,2.3327465057373047,0.0625,269322,269322,54282,54282,54282,1346088,0,0,1346088,268800,0.243896484375,1.2513043880462646,1.0334035158157349,7.176997184753418
38,18,1216,2.249610185623169,2.3342506885528564,0.0625,269322,269322,54282,54282,54282,1346088,0,0,1346088,268800,0.243896484375,1.2515228986740112,1.0334203243255615,7.177194118499756
38,19,1216,2.249610185623169,2.3344640731811523,0.0625,269322,269322,54282,54282,54282,1346088,0,0,1346088,268800,0.24322509765625,1.2508416175842285,1.0330297946929932,7.177194118499756
40,19,1280,2.2871241569519043,2.335505723953247,0.0625,269322,269322,54282,54282,54282,1346088,0,0,1346088,268800,0.24481201171875,1.251025915145874,1.033072829246521,7.177395343780518
