task_index,backprop_online_accuracy,cbp_reference_online_accuracy,cbp_minus_backprop,backprop_rolling_20_task_accuracy,cbp_rolling_20_task_accuracy
0,0.9213833333333333,0.92155,0.0001666666666666483,,
1,0.9362833333333334,0.93435,-0.0019333333333333425,,
2,0.9329666666666667,0.9317166666666666,-0.0012500000000000844,,
3,0.9331666666666667,0.9315333333333333,-0.0016333333333333755,,
4,0.9307,0.9292166666666667,-0.001483333333333281,,
5,0.9301833333333334,0.9317833333333333,0.0015999999999999348,,
6,0.9273,0.9257166666666666,-0.001583333333333381,,
7,0.92845,0.92715,-0.0012999999999999678,,
8,0.9277666666666666,0.9279333333333334,0.00016666666666675933,,
9,0.92305,0.9309833333333334,0.007933333333333348,,
10,0.9189166666666667,0.9291833333333334,0.010266666666666646,,
11,0.9194333333333333,0.9295666666666667,0.010133333333333328,,
12,0.91535,0.9249166666666667,0.009566666666666723,,
13,0.9166666666666666,0.9258666666666666,0.009199999999999986,,
14,0.9157333333333333,0.9289833333333334,0.013250000000000095,,
15,0.9172333333333333,0.9270666666666667,0.00983333333333336,,
16,0.9143,0.926,0.011700000000000044,,
17,0.9133166666666667,0.9265333333333333,0.013216666666666654,,
18,0.9134166666666667,0.9250666666666667,0.01165000000000005,,
19,0.9175833333333333,0.9274666666666667,0.009883333333333355,0.9226599999999999,0.9281291666666667
20,0.9115666666666666,0.92895,0.017383333333333417,0.9221691666666667,0.9284991666666667
21,0.9130166666666667,0.9301333333333334,0.01711666666666667,0.9210058333333333,0.9282883333333334
22,0.9109333333333334,0.9283,0.01736666666666664,0.9199041666666666,0.9281175000000002
23,0.91265,0.9308833333333333,0.018233333333333324,0.9188783333333334,0.928085
24,0.91155,0.92765,0.016100000000000003,0.9179208333333333,0.9280066666666666
25,0.90435,0.9267166666666666,0.022366666666666646,0.9166291666666666,0.9277533333333334
26,0.9127666666666666,0.9307333333333333,0.017966666666666686,0.9159025,0.9280041666666667
27,0.9068833333333334,0.9253166666666667,0.0184333333333333,0.9148241666666668,0.9279125
28,0.9092833333333333,0.9330333333333334,0.02375000000000005,0.9138999999999999,0.9281675
29,0.9023833333333333,0.9287833333333333,0.02639999999999998,0.9128666666666666,0.9280575000000001
30,0.9079833333333334,0.9285666666666667,0.020583333333333287,0.91232,0.9280266666666666
31,0.9061166666666667,0.9284333333333333,0.02231666666666665,0.9116541666666667,0.92797
32,0.9029166666666667,0.9242,0.02128333333333332,0.9110324999999999,0.9279341666666667
33,0.9071833333333333,0.9221833333333334,0.015000000000000013,0.9105583333333334,0.92775
34,0.90685,0.9238333333333333,0.01698333333333324,0.9101141666666667,0.9274924999999999
35,0.9075833333333333,0.9262833333333333,0.01870000000000005,0.9096316666666666,0.9274533333333335
36,0.9135166666666666,0.9308166666666666,0.017299999999999982,0.9095924999999999,0.9276941666666666
37,0.9042166666666667,0.93165,0.02743333333333331,0.9091374999999999,0.92795
38,0.907,0.9296,0.022599999999999953,0.9088166666666666,0.9281766666666666
39,0.8925333333333333,0.92155,0.02901666666666669,0.9075641666666666,0.9278808333333334
40,0.90575,0.9267833333333333,0.021033333333333237,0.9072733333333334,0.9277725
41,0.90025,0.92765,0.02739999999999998,0.906635,0.9276483333333333
42,0.8982166666666667,0.9268166666666666,0.02859999999999996,0.9059991666666667,0.9275741666666667
43,0.8983833333333333,0.9260166666666667,0.0276333333333334,0.9052858333333333,0.9273308333333332
44,0.9014666666666666,0.9280333333333334,0.02656666666666674,0.9047816666666666,0.92735
45,0.90525,0.9317166666666666,0.02646666666666664,0.9048266666666667,0.9276
46,0.8958166666666667,0.9268333333333333,0.03101666666666658,0.9039791666666666,0.9274049999999999
47,0.8991833333333333,0.93115,0.0319666666666667,0.9035941666666666,0.9276966666666666
48,0.9031833333333333,0.92575,0.022566666666666624,0.9032891666666666,0.9273325
49,0.9003666666666666,0.9281166666666667,0.027750000000000052,0.9031883333333333,0.9272991666666666
50,0.8968833333333334,0.9269166666666667,0.030033333333333356,0.9026333333333334,0.9272166666666667
51,0.8952333333333333,0.9284833333333333,0.03325,0.9020891666666667,0.9272191666666666
52,0.8999833333333334,0.9293666666666667,0.029383333333333317,0.9019425,0.9274775
53,0.89365,0.92945,0.03579999999999994,0.9012658333333332,0.9278408333333333
54,0.9037,0.9256666666666666,0.02196666666666669,0.9011083333333334,0.9279325
55,0.8983166666666667,0.9253833333333333,0.027066666666666683,0.9006449999999999,0.9278875
56,0.9003,0.9258,0.025499999999999967,0.8999841666666667,0.9276366666666667
57,0.89995,0.92475,0.024799999999999933,0.8997708333333334,0.9272916666666667
58,0.8941833333333333,0.9246666666666666,0.030483333333333307,0.8991300000000001,0.927045
59,0.8986333333333333,0.9254666666666667,0.026833333333333376,0.8994350000000001,0.9272408333333333
60,0.90425,0.9317166666666666,0.02746666666666664,0.89936,0.9274875
61,0.8996,0.9327666666666666,0.03316666666666668,0.8993275000000001,0.9277433333333333
62,0.8957,0.9302666666666667,0.034566666666666634,0.8992016666666667,0.9279158333333333
63,0.89855,0.9295833333333333,0.031033333333333357,0.8992100000000001,0.9280941666666667
64,0.8935333333333333,0.9284,0.03486666666666671,0.8988133333333334,0.9281124999999999
65,0.8985333333333333,0.9267666666666666,0.028233333333333333,0.8984774999999999,0.927865
66,0.8904333333333333,0.9276833333333333,0.037250000000000005,0.8982083333333334,0.9279075000000001
67,0.8923833333333333,0.9241333333333334,0.031750000000000056,0.8978683333333333,0.9275566666666666
68,0.8964,0.9299666666666667,0.033566666666666745,0.8975291666666667,0.9277675000000001
69,0.89465,0.9244166666666667,0.02976666666666672,0.8972433333333333,0.9275825
70,0.8909,0.9314333333333333,0.04053333333333331,0.8969441666666667,0.9278083333333333
71,0.8921333333333333,0.92925,0.03711666666666669,0.8967891666666666,0.9278466666666667
72,0.8919166666666667,0.9290333333333334,0.03711666666666669,0.8963858333333332,0.9278299999999999
73,0.8877166666666667,0.9271,0.039383333333333326,0.8960891666666667,0.9277124999999999
74,0.8852666666666666,0.9251333333333334,0.03986666666666672,0.8951675,0.9276858333333333
75,0.8874666666666666,0.9280166666666667,0.040550000000000086,0.8946249999999999,0.9278175
76,0.8884833333333333,0.9315,0.0430166666666667,0.8940341666666667,0.9281024999999999
77,0.8813333333333333,0.9322666666666667,0.050933333333333386,0.8931033333333334,0.9284783333333333
78,0.8843166666666666,0.92725,0.04293333333333338,0.89261,0.9286075
79,0.8851166666666667,0.9247166666666666,0.03959999999999997,0.8919341666666666,0.92857
80,0.8850166666666667,0.9271,0.04208333333333336,0.8909725,0.9283391666666667
81,0.8863333333333333,0.9260333333333334,0.03970000000000007,0.8903091666666667,0.9280025000000001
82,0.8841333333333333,0.9256833333333333,0.041549999999999976,0.8897308333333334,0.9277733333333333
83,0.8960666666666667,0.9287166666666666,0.03264999999999996,0.8896066666666667,0.92773
84,0.8849166666666667,0.9292833333333334,0.044366666666666665,0.8891758333333334,0.9277741666666668
85,0.8869,0.9275333333333333,0.0406333333333333,0.8885941666666666,0.9278124999999999
86,0.8861,0.9223666666666667,0.03626666666666667,0.8883775,0.9275466666666666
87,0.8786166666666667,0.9267333333333333,0.048116666666666585,0.8876891666666668,0.9276766666666667
88,0.8828,0.9278333333333333,0.04503333333333326,0.8870091666666667,0.92757
89,0.8826166666666667,0.92845,0.04583333333333328,0.8864075,0.9277716666666667
90,0.8747,0.9318666666666666,0.05716666666666659,0.8855975,0.9277933333333334
91,0.8898666666666667,0.9322833333333334,0.04241666666666666,0.8854841666666667,0.927945
92,0.8792,0.9327833333333333,0.053583333333333316,0.8848483333333335,0.9281325
93,0.88375,0.9272666666666667,0.04351666666666665,0.88465,0.9281408333333333
94,0.88685,0.9278833333333333,0.041033333333333255,0.8847291666666667,0.9282783333333333
95,0.8821333333333333,0.9285,0.04636666666666667,0.8844625,0.9283025
96,0.8872,0.9298,0.04259999999999997,0.8843983333333334,0.9282175
97,0.8864333333333333,0.927,0.04056666666666675,0.8846533333333333,0.9279541666666666
98,0.8877166666666667,0.9299833333333334,0.042266666666666675,0.8848233333333333,0.9280908333333333
99,0.8854833333333333,0.9278166666666666,0.042333333333333334,0.8848416666666667,0.9282458333333332
100,0.88395,0.9307,0.04674999999999996,0.8847883333333334,0.9284258333333334
101,0.8822833333333333,0.92835,0.0460666666666667,0.8845858333333334,0.9285416666666666
102,0.8855833333333333,0.9254833333333333,0.03990000000000005,0.8846583333333333,0.9285316666666666
103,0.8829333333333333,0.9273166666666667,0.04438333333333333,0.8840016666666667,0.9284616666666666
104,0.88055,0.9261666666666667,0.04561666666666664,0.8837833333333334,0.9283058333333333
105,0.88325,0.92695,0.04370000000000007,0.8836008333333334,0.9282766666666667
106,0.8785666666666667,0.9276333333333333,0.04906666666666659,0.8832241666666667,0.9285399999999999
107,0.8836166666666667,0.9270833333333334,0.04346666666666665,0.8834741666666666,0.9285574999999999
108,0.88445,0.9279,0.04344999999999999,0.8835566666666667,0.9285608333333334
109,0.8848333333333334,0.9256666666666666,0.04083333333333328,0.8836674999999999,0.9284216666666667
110,0.8822833333333333,0.92835,0.0460666666666667,0.8840466666666666,0.9282458333333332
111,0.8923833333333333,0.9307666666666666,0.038383333333333325,0.8841725,0.92817
112,0.8883833333333333,0.9303833333333333,0.04200000000000004,0.8846316666666667,0.92805
113,0.8748833333333333,0.9313166666666667,0.056433333333333335,0.8841883333333334,0.9282524999999999
114,0.8640666666666666,0.9300333333333334,0.06596666666666673,0.8830491666666667,0.92836
115,0.8660166666666667,0.9304,0.06438333333333335,0.8822433333333333,0.9284549999999999
116,0.8803166666666666,0.9266166666666666,0.04630000000000001,0.8818991666666667,0.9282958333333333
117,0.8729166666666667,0.93115,0.05823333333333336,0.8812233333333334,0.9285033333333332
118,0.8769666666666667,0.9274166666666667,0.050449999999999995,0.8806858333333333,0.928375
119,0.87825,0.92625,0.04800000000000004,0.8803241666666667,0.9282966666666667
120,0.8604166666666667,0.9307666666666666,0.07034999999999991,0.8791475,0.9282999999999999
121,0.8765333333333334,0.9282333333333334,0.05169999999999997,0.8788600000000001,0.9282941666666666
122,0.8781,0.9283,0.05020000000000002,0.8784858333333334,0.928435
123,0.8834333333333333,0.9288833333333333,0.04544999999999999,0.8785108333333334,0.9285133333333333
124,0.8781,0.9253333333333333,0.04723333333333335,0.8783883333333333,0.9284716666666666
125,0.8718666666666667,0.92695,0.05508333333333337,0.8778191666666666,0.9284716666666666
126,0.8817166666666667,0.9285333333333333,0.04681666666666662,0.8779766666666667,0.9285166666666667
127,0.8735666666666667,0.92845,0.054883333333333284,0.8774741666666668,0.928585
128,0.8658,0.92895,0.06315000000000004,0.8765416666666667,0.9286375
129,0.87445,0.9259333333333334,0.051483333333333436,0.8760225,0.9286508333333334
130,0.8646666666666667,0.9266333333333333,0.061966666666666614,0.8751416666666667,0.9285650000000001
131,0.8730333333333333,0.9263166666666667,0.05328333333333335,0.8741741666666666,0.9283425
132,0.8697,0.9244166666666667,0.054716666666666636,0.87324,0.9280441666666667
133,0.87825,0.9290666666666667,0.05081666666666673,0.8734083333333332,0.9279316666666666
134,0.8855666666666666,0.9297833333333333,0.04421666666666668,0.8744833333333334,0.9279191666666666
135,0.8682833333333333,0.9241666666666667,0.055883333333333396,0.8745966666666666,0.9276075
136,0.86555,0.92385,0.05829999999999991,0.8738583333333333,0.9274691666666668
137,0.8647666666666667,0.9287,0.06393333333333329,0.8734508333333334,0.9273466666666665
138,0.8792833333333333,0.9314333333333333,0.05215000000000003,0.8735666666666667,0.9275475
139,0.8707666666666667,0.9296333333333333,0.05886666666666662,0.8731925,0.9277166666666666
140,0.8722833333333333,0.93185,0.05956666666666666,0.8737858333333334,0.9277708333333333
141,0.86175,0.9257166666666666,0.06396666666666662,0.8730466666666666,0.927645
142,0.8778666666666667,0.9269333333333334,0.0490666666666667,0.873035,0.9275766666666666
143,0.8704166666666666,0.9291,0.05868333333333342,0.8723841666666667,0.9275874999999999
144,0.8787833333333334,0.9263666666666667,0.04758333333333331,0.8724183333333333,0.9276391666666667
145,0.8682,0.9262166666666667,0.058016666666666716,0.8722350000000001,0.9276025000000001
146,0.8650166666666667,0.9284833333333333,0.06346666666666667,0.8714000000000001,0.9276
147,0.8706833333333334,0.9299833333333334,0.05930000000000002,0.8712558333333333,0.9276766666666667
148,0.8745333333333334,0.9295166666666667,0.05498333333333327,0.8716925,0.9277049999999999
149,0.8757333333333334,0.9307333333333333,0.05499999999999994,0.8717566666666666,0.927945
