task_index,phase,lifetime_examples_seen,dead_unit_fraction_layer_0,effective_rank_layer_0,dead_unit_fraction_layer_1,effective_rank_layer_1,dead_unit_fraction_layer_2,effective_rank_layer_2,dead_unit_fraction_overall,mean_absolute_weight_layer_0,mean_absolute_weight_layer_1,mean_absolute_weight_layer_2,mean_absolute_weight_output,mean_absolute_weight
0,task_start,0,0.0,71.96975163098188,0.0,63.06876413584299,0.0,52.813609974173986,0.0,0.04382011666893959,0.12229100614786148,0.12287445366382599,0.08404892683029175,0.060072441366117
5,task_start,300000,0.0,49.098884438889876,0.01,51.6096862156569,0.0,56.12184306221381,0.0033333333333333335,0.057787973433732986,0.13595251739025116,0.13227690756320953,0.16443802416324615,0.0742184043350354
10,task_start,600000,0.04,37.110151719328954,0.03,39.612838746804364,0.03,44.989407542623674,0.03333333333333333,0.06777399033308029,0.14424854516983032,0.13612563908100128,0.17829371988773346,0.08345589944174592
15,task_start,900000,0.01,36.58494199582983,0.11,28.287785843253374,0.11,29.219406482909022,0.07666666666666666,0.07610994577407837,0.15217304229736328,0.14065000414848328,0.1895635426044464,0.09139651665745127
20,task_start,1200000,0.04,33.86454829577735,0.29,23.33683073405113,0.32,22.89996894619834,0.21666666666666667,0.08333966881036758,0.15794868767261505,0.1445467323064804,0.1960218846797943,0.09813688248695741
25,task_start,1500000,0.03,36.700704733513334,0.13,22.43736553924821,0.35,19.695708314243333,0.17,0.0898246243596077,0.16365769505500793,0.14771302044391632,0.19646039605140686,0.10414907546110556
30,task_start,1800000,0.03,38.00918218809848,0.07,26.86402321656261,0.34,20.799233905773573,0.14666666666666667,0.09596584737300873,0.16783994436264038,0.15113437175750732,0.19762542843818665,0.10976952740124293
35,task_start,2100000,0.04,40.80579821403904,0.12,29.782155033040166,0.29,20.749102357903293,0.15,0.1013813242316246,0.17207485437393188,0.15349149703979492,0.1973993480205536,0.1147017976048007
40,task_start,2400000,0.03,32.69001140800181,0.23,20.565199941582534,0.5,13.33630555903409,0.25333333333333335,0.1063092052936554,0.17688342928886414,0.15628036856651306,0.19441571831703186,0.11932289126653306
45,task_start,2700000,0.09,38.07263173466476,0.08,28.867879874162956,0.26,21.22852406496468,0.14333333333333334,0.11081098020076752,0.18144410848617554,0.15968096256256104,0.19770585000514984,0.12370761980113369
50,task_start,3000000,0.05,34.85321564245908,0.14,31.452045393668136,0.33,20.936236997188413,0.17333333333333334,0.114720918238163,0.18485364317893982,0.16159726679325104,0.2004249393939972,0.1273546682996769
55,task_start,3300000,0.08,32.395875175767024,0.2,26.187726196531063,0.3,27.419423357484373,0.19333333333333333,0.11826538294553757,0.188846156001091,0.16446234285831451,0.19497498869895935,0.13078537223564546
60,task_start,3600000,0.08,34.75194450898708,0.13,32.83184311335859,0.26,27.1434368722533,0.15666666666666668,0.12188362330198288,0.1926628053188324,0.16776300966739655,0.19312496483325958,0.13433661148461779
65,task_start,3900000,0.07,39.27327516284853,0.12,32.928482471826506,0.27,25.8167395912065,0.15333333333333332,0.12490750104188919,0.19623316824436188,0.1701534241437912,0.19342535734176636,0.13732433966707655
70,task_start,4200000,0.11,35.17720034615691,0.2,24.566429171323705,0.37,21.673089620146232,0.22666666666666666,0.1277659833431244,0.1996891051530838,0.1716231256723404,0.1915164291858673,0.1400552498142964
75,task_start,4500000,0.09,29.667219522998135,0.24,20.785140269430027,0.46,16.58808368106185,0.2633333333333333,0.13075831532478333,0.20249760150909424,0.17484082281589508,0.19325707852840424,0.14303916743703532
80,task_start,4800000,0.12,32.42565304351003,0.24,25.398501247372923,0.4,13.36809284760798,0.25333333333333335,0.13330720365047455,0.20557837188243866,0.17716261744499207,0.1974637657403946,0.14563539663191052
85,task_start,5100000,0.07,34.21206348329653,0.15,27.46005627748605,0.39,14.692046798215802,0.20333333333333334,0.1360316127538681,0.20788808166980743,0.178322434425354,0.1907677948474884,0.14806590941350464
90,task_start,5400000,0.06,31.193339945805196,0.4,18.841975096943894,0.25,21.400336413955593,0.23666666666666666,0.13828442990779877,0.21045009791851044,0.18048059940338135,0.19535262882709503,0.15036377169836454
95,task_start,5700000,0.14,33.005076034974174,0.35,19.12997799391157,0.44,18.8065858164415,0.31,0.14044348895549774,0.21290239691734314,0.18275906145572662,0.19544601440429688,0.15254356269865207
100,task_start,6000000,0.09,30.560476522579847,0.3,19.34682172091524,0.62,13.432720925452427,0.33666666666666667,0.1427641063928604,0.21539384126663208,0.1839589923620224,0.19457563757896423,0.15473651826021897
105,task_start,6300000,0.16,30.169777517446946,0.4,19.53365754702016,0.29,23.859746839992315,0.2833333333333333,0.14470212161540985,0.2178923785686493,0.18525786697864532,0.19370949268341064,0.15663841330789224
110,task_start,6600000,0.1,29.85232440954072,0.32,17.773135894977028,0.57,11.100716643978359,0.33,0.14671368896961212,0.22037328779697418,0.18675412237644196,0.19374334812164307,0.158625459407177
115,task_start,6900000,0.1,30.677431408506035,0.24,18.43506752138837,0.54,11.867446977408417,0.29333333333333333,0.14850981533527374,0.2212676703929901,0.18766257166862488,0.19339285790920258,0.16021996781499812
120,task_start,7200000,0.12,26.643709685035944,0.45,15.018429618443967,0.58,14.08820143973494,0.38333333333333336,0.15028506517410278,0.2232247143983841,0.1889137476682663,0.1895705610513687,0.1619044697320677
125,task_start,7500000,0.13,25.481030867106547,0.56,15.149767059763363,0.54,14.698776047655203,0.41,0.15196025371551514,0.2242591828107834,0.18988880515098572,0.19043996930122375,0.1634366573462304
130,task_start,7800000,0.1,27.34764076972124,0.38,16.948056010669575,0.44,21.156168562862323,0.30666666666666664,0.15335477888584137,0.22636187076568604,0.19051428139209747,0.18757113814353943,0.16478216624116035
135,task_start,8100000,0.12,29.23559828952801,0.36,14.562403561233948,0.59,13.985466910508235,0.3566666666666667,0.15475612878799438,0.22773918509483337,0.1927797794342041,0.1902637481689453,0.16628102505470904
140,task_start,8400000,0.15,31.490155097042532,0.36,17.662496696378014,0.55,14.996966971061791,0.35333333333333333,0.15617501735687256,0.22953149676322937,0.19390496611595154,0.19262276589870453,0.16771739190613
145,task_start,8700000,0.11,28.29407583532767,0.34,20.682187584290865,0.26,19.987764412969934,0.23666666666666666,0.15785303711891174,0.23122067749500275,0.1948079913854599,0.19292888045310974,0.16930476538612088
149,final,9000000,0.18,27.446442370650473,0.2,20.983259654273454,0.13,27.23562514374354,0.17,0.15930047631263733,0.23294636607170105,0.19716182351112366,0.1925641894340515,0.17085315320093628
