task_index,online_accuracy,correct_predictions,examples_seen_in_task,lifetime_examples_seen,optimizer_updates,mean_preupdate_loss
0,0.9213833333333333,55283,60000,60000,60000,0.25943740747460986
1,0.9362833333333334,56177,60000,120000,60000,0.20741321226474022
2,0.9329666666666667,55978,60000,180000,60000,0.21603022597990343
3,0.9331666666666667,55990,60000,240000,60000,0.2139916095743806
4,0.9307,55842,60000,300000,60000,0.22336630951940634
5,0.9301833333333334,55811,60000,360000,60000,0.22189588888096953
6,0.9273,55638,60000,420000,60000,0.23207371739186242
7,0.92845,55707,60000,480000,60000,0.2280347720633833
8,0.9277666666666666,55666,60000,540000,60000,0.23343718893780546
9,0.92305,55383,60000,600000,60000,0.24429312459920305
10,0.9189166666666667,55135,60000,660000,60000,0.25636752684726716
11,0.9194333333333333,55166,60000,720000,60000,0.2593745100909738
12,0.91535,54921,60000,780000,60000,0.2665467513806354
13,0.9166666666666666,55000,60000,840000,60000,0.26790537813739684
14,0.9157333333333333,54944,60000,900000,60000,0.2684569175179218
15,0.9172333333333333,55034,60000,960000,60000,0.2632262034559175
16,0.9143,54858,60000,1020000,60000,0.2750277711794217
17,0.9133166666666667,54799,60000,1080000,60000,0.27823890098481396
18,0.9134166666666667,54805,60000,1140000,60000,0.2741568175127285
19,0.9175833333333333,55055,60000,1200000,60000,0.2657742962113753
20,0.9115666666666666,54694,60000,1260000,60000,0.27930023811021615
21,0.9130166666666667,54781,60000,1320000,60000,0.27865597531634956
22,0.9109333333333334,54656,60000,1380000,60000,0.28052534699338605
23,0.91265,54759,60000,1440000,60000,0.2726726484924586
24,0.91155,54693,60000,1500000,60000,0.2847206236078299
25,0.90435,54261,60000,1560000,60000,0.30411135380610366
26,0.9127666666666666,54766,60000,1620000,60000,0.2781937841219881
27,0.9068833333333334,54413,60000,1680000,60000,0.2952948217976569
28,0.9092833333333333,54557,60000,1740000,60000,0.28941318795808285
29,0.9023833333333333,54143,60000,1800000,60000,0.3057887320905695
30,0.9079833333333334,54479,60000,1860000,60000,0.29257719601846754
31,0.9061166666666667,54367,60000,1920000,60000,0.2984416740453057
32,0.9029166666666667,54175,60000,1980000,60000,0.31007065697102826
33,0.9071833333333333,54431,60000,2040000,60000,0.294214573163001
34,0.90685,54411,60000,2100000,60000,0.3018679028364347
35,0.9075833333333333,54455,60000,2160000,60000,0.2947216225651134
36,0.9135166666666666,54811,60000,2220000,60000,0.2797216280185922
37,0.9042166666666667,54253,60000,2280000,60000,0.30366423096197814
38,0.907,54420,60000,2340000,60000,0.29838383135379754
39,0.8925333333333333,53552,60000,2400000,60000,0.33992371516985154
40,0.90575,54345,60000,2460000,60000,0.2997523012456054
41,0.90025,54015,60000,2520000,60000,0.3178424172562647
42,0.8982166666666667,53893,60000,2580000,60000,0.32697130215890147
43,0.8983833333333333,53903,60000,2640000,60000,0.32467494093725335
44,0.9014666666666666,54088,60000,2700000,60000,0.3113916090732006
45,0.90525,54315,60000,2760000,60000,0.30290539993241544
46,0.8958166666666667,53749,60000,2820000,60000,0.3337139459648286
47,0.8991833333333333,53951,60000,2880000,60000,0.32280735201472194
48,0.9031833333333333,54191,60000,2940000,60000,0.3098946168737764
49,0.9003666666666666,54022,60000,3000000,60000,0.3185523106353159
50,0.8968833333333334,53813,60000,3060000,60000,0.3277583005306591
51,0.8952333333333333,53714,60000,3120000,60000,0.33596111972346787
52,0.8999833333333334,53999,60000,3180000,60000,0.31929269649540865
53,0.89365,53619,60000,3240000,60000,0.33907082573790126
54,0.9037,54222,60000,3300000,60000,0.3075741583323428
55,0.8983166666666667,53899,60000,3360000,60000,0.321960331599454
56,0.9003,54018,60000,3420000,60000,0.3148148388814607
57,0.89995,53997,60000,3480000,60000,0.32236606476371155
58,0.8941833333333333,53651,60000,3540000,60000,0.33640133158175983
59,0.8986333333333333,53918,60000,3600000,60000,0.32647106377493135
60,0.90425,54255,60000,3660000,60000,0.30808210298344424
61,0.8996,53976,60000,3720000,60000,0.3222680627829144
62,0.8957,53742,60000,3780000,60000,0.33437201080919426
63,0.89855,53913,60000,3840000,60000,0.32010320175944745
64,0.8935333333333333,53612,60000,3900000,60000,0.3376739490159067
65,0.8985333333333333,53912,60000,3960000,60000,0.32166449847242584
66,0.8904333333333333,53426,60000,4020000,60000,0.35281173925848813
67,0.8923833333333333,53543,60000,4080000,60000,0.3395179366903193
68,0.8964,53784,60000,4140000,60000,0.3272192744266948
69,0.89465,53679,60000,4200000,60000,0.33925395096697636
70,0.8909,53454,60000,4260000,60000,0.34914486629178026
71,0.8921333333333333,53528,60000,4320000,60000,0.34546208400067446
72,0.8919166666666667,53515,60000,4380000,60000,0.3455511567308923
73,0.8877166666666667,53263,60000,4440000,60000,0.365297728849191
74,0.8852666666666666,53116,60000,4500000,60000,0.3656506268522927
75,0.8874666666666666,53248,60000,4560000,60000,0.36444272199349603
76,0.8884833333333333,53309,60000,4620000,60000,0.35322194651868394
77,0.8813333333333333,52880,60000,4680000,60000,0.37397541196755824
78,0.8843166666666666,53059,60000,4740000,60000,0.36708835773754084
79,0.8851166666666667,53107,60000,4800000,60000,0.36598118564801263
80,0.8850166666666667,53101,60000,4860000,60000,0.3692174266990031
81,0.8863333333333333,53180,60000,4920000,60000,0.3602711197909485
82,0.8841333333333333,53048,60000,4980000,60000,0.3650958571860049
83,0.8960666666666667,53764,60000,5040000,60000,0.3321070500122558
84,0.8849166666666667,53095,60000,5100000,60000,0.3663314784166812
85,0.8869,53214,60000,5160000,60000,0.36786505032266975
86,0.8861,53166,60000,5220000,60000,0.3634790980404027
87,0.8786166666666667,52717,60000,5280000,60000,0.3779686250139417
88,0.8828,52968,60000,5340000,60000,0.3772956691475699
89,0.8826166666666667,52957,60000,5400000,60000,0.37565190062156567
90,0.8747,52482,60000,5460000,60000,0.39218206226427343
91,0.8898666666666667,53392,60000,5520000,60000,0.3514641902226751
92,0.8792,52752,60000,5580000,60000,0.385993559877896
93,0.88375,53025,60000,5640000,60000,0.36739635893327044
94,0.88685,53211,60000,5700000,60000,0.3669166483324307
95,0.8821333333333333,52928,60000,5760000,60000,0.37486689778356214
96,0.8872,53232,60000,5820000,60000,0.3654548681037871
97,0.8864333333333333,53186,60000,5880000,60000,0.3686062313825478
98,0.8877166666666667,53263,60000,5940000,60000,0.36310654844177254
99,0.8854833333333333,53129,60000,6000000,60000,0.3699805846485928
100,0.88395,53037,60000,6060000,60000,0.377219872467185
101,0.8822833333333333,52937,60000,6120000,60000,0.37824707425619214
102,0.8855833333333333,53135,60000,6180000,60000,0.3677888520259557
103,0.8829333333333333,52976,60000,6240000,60000,0.37417514344351693
104,0.88055,52833,60000,6300000,60000,0.3791473374698067
105,0.88325,52995,60000,6360000,60000,0.3798638147597486
106,0.8785666666666667,52714,60000,6420000,60000,0.3887938832697825
107,0.8836166666666667,53017,60000,6480000,60000,0.3748810368794794
108,0.88445,53067,60000,6540000,60000,0.36674533907249157
109,0.8848333333333334,53090,60000,6600000,60000,0.3698750191530261
110,0.8822833333333333,52937,60000,6660000,60000,0.37002644423092657
111,0.8923833333333333,53543,60000,6720000,60000,0.34724780539548966
112,0.8883833333333333,53303,60000,6780000,60000,0.35451280908167027
113,0.8748833333333333,52493,60000,6840000,60000,0.3965517750280568
114,0.8640666666666666,51844,60000,6900000,60000,0.42886970018375603
115,0.8660166666666667,51961,60000,6960000,60000,0.43234466732166454
116,0.8803166666666666,52819,60000,7020000,60000,0.38124581214474007
117,0.8729166666666667,52375,60000,7080000,60000,0.4034381875116775
118,0.8769666666666667,52618,60000,7140000,60000,0.3957664000787877
119,0.87825,52695,60000,7200000,60000,0.394156748761149
120,0.8604166666666667,51625,60000,7260000,60000,0.4404564311162398
121,0.8765333333333334,52592,60000,7320000,60000,0.39979949776574997
122,0.8781,52686,60000,7380000,60000,0.3907659286832473
123,0.8834333333333333,53006,60000,7440000,60000,0.372424621704688
124,0.8781,52686,60000,7500000,60000,0.38462334686111466
125,0.8718666666666667,52312,60000,7560000,60000,0.4045074379021131
126,0.8817166666666667,52903,60000,7620000,60000,0.38036097492853077
127,0.8735666666666667,52414,60000,7680000,60000,0.4016207381289606
128,0.8658,51948,60000,7740000,60000,0.41895091707987303
129,0.87445,52467,60000,7800000,60000,0.4010486200985609
130,0.8646666666666667,51880,60000,7860000,60000,0.4256578817680092
131,0.8730333333333333,52382,60000,7920000,60000,0.40578302828153195
132,0.8697,52182,60000,7980000,60000,0.4121803426369896
133,0.87825,52695,60000,8040000,60000,0.3885712460751627
134,0.8855666666666666,53134,60000,8100000,60000,0.3648300405716091
135,0.8682833333333333,52097,60000,8160000,60000,0.41772993997600866
136,0.86555,51933,60000,8220000,60000,0.4202745274709842
137,0.8647666666666667,51886,60000,8280000,60000,0.429739735258479
138,0.8792833333333333,52757,60000,8340000,60000,0.3846904367412648
139,0.8707666666666667,52246,60000,8400000,60000,0.4108281512005903
140,0.8722833333333333,52337,60000,8460000,60000,0.4079144756966029
141,0.86175,51705,60000,8520000,60000,0.43776155914649073
142,0.8778666666666667,52672,60000,8580000,60000,0.3915951731250687
143,0.8704166666666666,52225,60000,8640000,60000,0.4195384948488895
144,0.8787833333333334,52727,60000,8700000,60000,0.38876443353914714
145,0.8682,52092,60000,8760000,60000,0.41475872221502746
146,0.8650166666666667,51901,60000,8820000,60000,0.431276945634899
147,0.8706833333333334,52241,60000,8880000,60000,0.41138911792949145
148,0.8745333333333334,52472,60000,8940000,60000,0.40243646348660433
149,0.8757333333333334,52544,60000,9000000,60000,0.39164408178506727
