task_index,online_accuracy,correct_predictions,examples_seen_in_task,lifetime_examples_seen,optimizer_updates,mean_preupdate_loss,active_edges_by_layer,algorithm_metrics
0,0.89985,53991,60000,60000,60000,0.35149567184460295,"[52685, 22579, 22579, 672]",{}
1,0.9186666666666666,55120,60000,120000,60000,0.2694134994864509,"[52685, 22579, 22579, 672]",{}
2,0.9204666666666667,55228,60000,180000,60000,0.26198558026474417,"[52685, 22579, 22579, 672]",{}
3,0.92395,55437,60000,240000,60000,0.24886390550134396,"[52685, 22579, 22579, 672]",{}
4,0.92255,55353,60000,300000,60000,0.2517323851931745,"[52685, 22579, 22579, 672]",{}
5,0.9251833333333334,55511,60000,360000,60000,0.2469287846841436,"[52685, 22579, 22579, 672]",{}
6,0.92255,55353,60000,420000,60000,0.2548281032941287,"[52685, 22579, 22579, 672]",{}
7,0.9208333333333333,55250,60000,480000,60000,0.2564799862265044,"[52685, 22579, 22579, 672]",{}
8,0.9238666666666666,55432,60000,540000,60000,0.24849007767133333,"[52685, 22579, 22579, 672]",{}
9,0.9218333333333333,55310,60000,600000,60000,0.2557115651925496,"[52685, 22579, 22579, 672]",{}
10,0.9201166666666667,55207,60000,660000,60000,0.2619185334701046,"[52685, 22579, 22579, 672]",{}
11,0.9177166666666666,55063,60000,720000,60000,0.2591820083661885,"[52685, 22579, 22579, 672]",{}
12,0.9200166666666667,55201,60000,780000,60000,0.26280071974393143,"[52685, 22579, 22579, 672]",{}
13,0.9219666666666667,55318,60000,840000,60000,0.25383892218956505,"[52685, 22579, 22579, 672]",{}
14,0.91895,55137,60000,900000,60000,0.26665809251504263,"[52685, 22579, 22579, 672]",{}
15,0.9197333333333333,55184,60000,960000,60000,0.25747192322572987,"[52685, 22579, 22579, 672]",{}
16,0.9168833333333334,55013,60000,1020000,60000,0.2663910020209463,"[52685, 22579, 22579, 672]",{}
17,0.91645,54987,60000,1080000,60000,0.2717449314801162,"[52685, 22579, 22579, 672]",{}
18,0.9168666666666667,55012,60000,1140000,60000,0.27061644167491483,"[52685, 22579, 22579, 672]",{}
19,0.9177666666666666,55066,60000,1200000,60000,0.267330497235597,"[52685, 22579, 22579, 672]",{}
20,0.9181833333333334,55091,60000,1260000,60000,0.2628130784333776,"[52685, 22579, 22579, 672]",{}
21,0.91445,54867,60000,1320000,60000,0.2777190179914313,"[52685, 22579, 22579, 672]",{}
22,0.92065,55239,60000,1380000,60000,0.26002679211382956,"[52685, 22579, 22579, 672]",{}
23,0.9165,54990,60000,1440000,60000,0.26908817194122914,"[52685, 22579, 22579, 672]",{}
24,0.9146,54876,60000,1500000,60000,0.2745352145459523,"[52685, 22579, 22579, 672]",{}
25,0.9173,55038,60000,1560000,60000,0.2721825218586741,"[52685, 22579, 22579, 672]",{}
26,0.9153333333333333,54920,60000,1620000,60000,0.27465838206539644,"[52685, 22579, 22579, 672]",{}
27,0.91305,54783,60000,1680000,60000,0.2799298535983419,"[52685, 22579, 22579, 672]",{}
28,0.9136833333333333,54821,60000,1740000,60000,0.27654578148121883,"[52685, 22579, 22579, 672]",{}
29,0.9147,54882,60000,1800000,60000,0.2787349536533051,"[52685, 22579, 22579, 672]",{}
30,0.9139,54834,60000,1860000,60000,0.27708455622663486,"[52685, 22579, 22579, 672]",{}
31,0.9136833333333333,54821,60000,1920000,60000,0.27782824590339117,"[52685, 22579, 22579, 672]",{}
32,0.9098666666666667,54592,60000,1980000,60000,0.29051027261721485,"[52685, 22579, 22579, 672]",{}
33,0.9145833333333333,54875,60000,2040000,60000,0.2801299381816474,"[52685, 22579, 22579, 672]",{}
34,0.9134333333333333,54806,60000,2100000,60000,0.28128604799301915,"[52685, 22579, 22579, 672]",{}
35,0.9146,54876,60000,2160000,60000,0.27348380454211235,"[52685, 22579, 22579, 672]",{}
36,0.9126666666666666,54760,60000,2220000,60000,0.28333211185923807,"[52685, 22579, 22579, 672]",{}
37,0.9100166666666667,54601,60000,2280000,60000,0.2908957592601599,"[52685, 22579, 22579, 672]",{}
38,0.9112833333333333,54677,60000,2340000,60000,0.28624958793612754,"[52685, 22579, 22579, 672]",{}
39,0.9100166666666667,54601,60000,2400000,60000,0.29054508093351533,"[52685, 22579, 22579, 672]",{}
40,0.9107,54642,60000,2460000,60000,0.2881945353584409,"[52685, 22579, 22579, 672]",{}
41,0.9113666666666667,54682,60000,2520000,60000,0.28621251009018683,"[52685, 22579, 22579, 672]",{}
42,0.9114333333333333,54686,60000,2580000,60000,0.28858074044269694,"[52685, 22579, 22579, 672]",{}
43,0.91195,54717,60000,2640000,60000,0.28536721515680136,"[52685, 22579, 22579, 672]",{}
44,0.9082333333333333,54494,60000,2700000,60000,0.2960449289168489,"[52685, 22579, 22579, 672]",{}
45,0.9108166666666667,54649,60000,2760000,60000,0.2899103129838002,"[52685, 22579, 22579, 672]",{}
46,0.9106333333333333,54638,60000,2820000,60000,0.28662272603620526,"[52685, 22579, 22579, 672]",{}
47,0.91165,54699,60000,2880000,60000,0.28863795487697047,"[52685, 22579, 22579, 672]",{}
48,0.9095,54570,60000,2940000,60000,0.2933173330278556,"[52685, 22579, 22579, 672]",{}
49,0.9084166666666667,54505,60000,3000000,60000,0.2986562806772826,"[52685, 22579, 22579, 672]",{}
50,0.9085666666666666,54514,60000,3060000,60000,0.2962616037232066,"[52685, 22579, 22579, 672]",{}
51,0.9084833333333333,54509,60000,3120000,60000,0.29573624854136216,"[52685, 22579, 22579, 672]",{}
52,0.90995,54597,60000,3180000,60000,0.290157630288814,"[52685, 22579, 22579, 672]",{}
53,0.9071833333333333,54431,60000,3240000,60000,0.30005665173138524,"[52685, 22579, 22579, 672]",{}
54,0.9069333333333334,54416,60000,3300000,60000,0.2961930857744722,"[52685, 22579, 22579, 672]",{}
55,0.9074166666666666,54445,60000,3360000,60000,0.3007500569456561,"[52685, 22579, 22579, 672]",{}
56,0.90935,54561,60000,3420000,60000,0.2934573972573386,"[52685, 22579, 22579, 672]",{}
57,0.9086333333333333,54518,60000,3480000,60000,0.28924539134522154,"[52685, 22579, 22579, 672]",{}
58,0.9057666666666667,54346,60000,3540000,60000,0.30848552852938177,"[52685, 22579, 22579, 672]",{}
59,0.909,54540,60000,3600000,60000,0.2960829846008882,"[52685, 22579, 22579, 672]",{}
60,0.90555,54333,60000,3660000,60000,0.3029000738315647,"[52685, 22579, 22579, 672]",{}
61,0.9066166666666666,54397,60000,3720000,60000,0.30055462218321494,"[52685, 22579, 22579, 672]",{}
62,0.90735,54441,60000,3780000,60000,0.2999538859286019,"[52685, 22579, 22579, 672]",{}
63,0.9058166666666667,54349,60000,3840000,60000,0.30327976134724555,"[52685, 22579, 22579, 672]",{}
64,0.9087333333333333,54524,60000,3900000,60000,0.2957551062879025,"[52685, 22579, 22579, 672]",{}
65,0.9068166666666667,54409,60000,3960000,60000,0.2994741299589263,"[52685, 22579, 22579, 672]",{}
66,0.9075666666666666,54454,60000,4020000,60000,0.3030079421559154,"[52685, 22579, 22579, 672]",{}
67,0.9058166666666667,54349,60000,4080000,60000,0.304584163355817,"[52685, 22579, 22579, 672]",{}
68,0.9079166666666667,54475,60000,4140000,60000,0.2951211503509728,"[52685, 22579, 22579, 672]",{}
69,0.9032833333333333,54197,60000,4200000,60000,0.3134683883230974,"[52685, 22579, 22579, 672]",{}
70,0.9041666666666667,54250,60000,4260000,60000,0.3110445153374393,"[52685, 22579, 22579, 672]",{}
71,0.9036,54216,60000,4320000,60000,0.31090072939328395,"[52685, 22579, 22579, 672]",{}
72,0.9059333333333334,54356,60000,4380000,60000,0.3033818961938227,"[52685, 22579, 22579, 672]",{}
73,0.9034833333333333,54209,60000,4440000,60000,0.3108555839276075,"[52685, 22579, 22579, 672]",{}
74,0.90435,54261,60000,4500000,60000,0.310644723771415,"[52685, 22579, 22579, 672]",{}
75,0.90265,54159,60000,4560000,60000,0.31361887246486114,"[52685, 22579, 22579, 672]",{}
76,0.90435,54261,60000,4620000,60000,0.31048527094072614,"[52685, 22579, 22579, 672]",{}
77,0.9015333333333333,54092,60000,4680000,60000,0.31332908549418514,"[52685, 22579, 22579, 672]",{}
78,0.9033333333333333,54200,60000,4740000,60000,0.3144532127782028,"[52685, 22579, 22579, 672]",{}
79,0.90215,54129,60000,4800000,60000,0.3175238208495164,"[52685, 22579, 22579, 672]",{}
80,0.9065833333333333,54395,60000,4860000,60000,0.3064661498202213,"[52685, 22579, 22579, 672]",{}
81,0.9021166666666667,54127,60000,4920000,60000,0.3170624054601682,"[52685, 22579, 22579, 672]",{}
82,0.9054666666666666,54328,60000,4980000,60000,0.30419191964910236,"[52685, 22579, 22579, 672]",{}
83,0.9048333333333334,54290,60000,5040000,60000,0.3106701550594695,"[52685, 22579, 22579, 672]",{}
84,0.90305,54183,60000,5100000,60000,0.31322568239644655,"[52685, 22579, 22579, 672]",{}
85,0.9027333333333334,54164,60000,5160000,60000,0.31601797807368126,"[52685, 22579, 22579, 672]",{}
86,0.8991,53946,60000,5220000,60000,0.3228693460719767,"[52685, 22579, 22579, 672]",{}
87,0.90035,54021,60000,5280000,60000,0.32207435909928567,"[52685, 22579, 22579, 672]",{}
88,0.9011166666666667,54067,60000,5340000,60000,0.3203108225030461,"[52685, 22579, 22579, 672]",{}
89,0.89715,53829,60000,5400000,60000,0.3347958491839991,"[52685, 22579, 22579, 672]",{}
90,0.90275,54165,60000,5460000,60000,0.3081766806048514,"[52685, 22579, 22579, 672]",{}
91,0.9005666666666666,54034,60000,5520000,60000,0.31839168040191523,"[52685, 22579, 22579, 672]",{}
92,0.8948333333333334,53690,60000,5580000,60000,0.3383227404692963,"[52685, 22579, 22579, 672]",{}
93,0.9026833333333333,54161,60000,5640000,60000,0.3122260786754531,"[52685, 22579, 22579, 672]",{}
94,0.8995166666666666,53971,60000,5700000,60000,0.32267405026552387,"[52685, 22579, 22579, 672]",{}
95,0.9039166666666667,54235,60000,5760000,60000,0.31321266873500164,"[52685, 22579, 22579, 672]",{}
96,0.9024166666666666,54145,60000,5820000,60000,0.3159464692139373,"[52685, 22579, 22579, 672]",{}
97,0.9001666666666667,54010,60000,5880000,60000,0.31831020324484244,"[52685, 22579, 22579, 672]",{}
98,0.9032833333333333,54197,60000,5940000,60000,0.3158408169217928,"[52685, 22579, 22579, 672]",{}
99,0.8986666666666666,53920,60000,6000000,60000,0.32710446776268326,"[52685, 22579, 22579, 672]",{}
100,0.9008166666666667,54049,60000,6060000,60000,0.3204789001312379,"[52685, 22579, 22579, 672]",{}
101,0.8998166666666667,53989,60000,6120000,60000,0.32288790796198846,"[52685, 22579, 22579, 672]",{}
102,0.9025,54150,60000,6180000,60000,0.31553961707470324,"[52685, 22579, 22579, 672]",{}
103,0.9011666666666667,54070,60000,6240000,60000,0.32092308324770663,"[52685, 22579, 22579, 672]",{}
104,0.8988666666666667,53932,60000,6300000,60000,0.3254515278927487,"[52685, 22579, 22579, 672]",{}
105,0.9007,54042,60000,6360000,60000,0.32169880930612843,"[52685, 22579, 22579, 672]",{}
106,0.9021666666666667,54130,60000,6420000,60000,0.31827119943541704,"[52685, 22579, 22579, 672]",{}
107,0.9014166666666666,54085,60000,6480000,60000,0.31892850976011167,"[52685, 22579, 22579, 672]",{}
108,0.90225,54135,60000,6540000,60000,0.3111104530176181,"[52685, 22579, 22579, 672]",{}
109,0.8978833333333334,53873,60000,6600000,60000,0.328531042606514,"[52685, 22579, 22579, 672]",{}
110,0.9000833333333333,54005,60000,6660000,60000,0.32040872926796987,"[52685, 22579, 22579, 672]",{}
111,0.89985,53991,60000,6720000,60000,0.3222757308556212,"[52685, 22579, 22579, 672]",{}
112,0.90495,54297,60000,6780000,60000,0.3063039906576139,"[52685, 22579, 22579, 672]",{}
113,0.9013666666666666,54082,60000,6840000,60000,0.32070243159349315,"[52685, 22579, 22579, 672]",{}
114,0.8988666666666667,53932,60000,6900000,60000,0.3272414279273005,"[52685, 22579, 22579, 672]",{}
115,0.89645,53787,60000,6960000,60000,0.33310510703937907,"[52685, 22579, 22579, 672]",{}
116,0.8984166666666666,53905,60000,7020000,60000,0.33709032333230826,"[52685, 22579, 22579, 672]",{}
117,0.8972833333333333,53837,60000,7080000,60000,0.33188788610435344,"[52685, 22579, 22579, 672]",{}
118,0.89635,53781,60000,7140000,60000,0.3334235558128259,"[52685, 22579, 22579, 672]",{}
119,0.8952166666666667,53713,60000,7200000,60000,0.33263336766204027,"[52685, 22579, 22579, 672]",{}
120,0.8993,53958,60000,7260000,60000,0.3250974439306091,"[52685, 22579, 22579, 672]",{}
121,0.8982166666666667,53893,60000,7320000,60000,0.3311975952105537,"[52685, 22579, 22579, 672]",{}
122,0.8964333333333333,53786,60000,7380000,60000,0.33125445417223964,"[52685, 22579, 22579, 672]",{}
123,0.8944666666666666,53668,60000,7440000,60000,0.3412426965256092,"[52685, 22579, 22579, 672]",{}
124,0.8977666666666667,53866,60000,7500000,60000,0.3325773648393572,"[52685, 22579, 22579, 672]",{}
125,0.8965166666666666,53791,60000,7560000,60000,0.33805247561061363,"[52685, 22579, 22579, 672]",{}
126,0.8966833333333334,53801,60000,7620000,60000,0.33512029970629437,"[52685, 22579, 22579, 672]",{}
127,0.8992666666666667,53956,60000,7680000,60000,0.32485115745666854,"[52685, 22579, 22579, 672]",{}
128,0.89945,53967,60000,7740000,60000,0.3258702596781022,"[52685, 22579, 22579, 672]",{}
129,0.8944833333333333,53669,60000,7800000,60000,0.3373877342187148,"[52685, 22579, 22579, 672]",{}
130,0.8963333333333333,53780,60000,7860000,60000,0.3353958581581377,"[52685, 22579, 22579, 672]",{}
131,0.8924666666666666,53548,60000,7920000,60000,0.34781995666658555,"[52685, 22579, 22579, 672]",{}
132,0.8928166666666667,53569,60000,7980000,60000,0.33887230613741826,"[52685, 22579, 22579, 672]",{}
133,0.89885,53931,60000,8040000,60000,0.32413212484920245,"[52685, 22579, 22579, 672]",{}
134,0.8962,53772,60000,8100000,60000,0.3296964984557408,"[52685, 22579, 22579, 672]",{}
135,0.8906666666666667,53440,60000,8160000,60000,0.34854981937165236,"[52685, 22579, 22579, 672]",{}
136,0.8992833333333333,53957,60000,8220000,60000,0.325585814762164,"[52685, 22579, 22579, 672]",{}
137,0.8978333333333334,53870,60000,8280000,60000,0.32760974722944364,"[52685, 22579, 22579, 672]",{}
138,0.8964833333333333,53789,60000,8340000,60000,0.33408420747822576,"[52685, 22579, 22579, 672]",{}
139,0.8969,53814,60000,8400000,60000,0.33367368832283034,"[52685, 22579, 22579, 672]",{}
140,0.8946333333333333,53678,60000,8460000,60000,0.3377062630345451,"[52685, 22579, 22579, 672]",{}
141,0.89825,53895,60000,8520000,60000,0.3302342168370161,"[52685, 22579, 22579, 672]",{}
142,0.8968333333333334,53810,60000,8580000,60000,0.3319278103313548,"[52685, 22579, 22579, 672]",{}
143,0.8967666666666667,53806,60000,8640000,60000,0.3308243496706861,"[52685, 22579, 22579, 672]",{}
144,0.8976,53856,60000,8700000,60000,0.3316659769250343,"[52685, 22579, 22579, 672]",{}
145,0.8986333333333333,53918,60000,8760000,60000,0.3276781164062166,"[52685, 22579, 22579, 672]",{}
146,0.8940333333333333,53642,60000,8820000,60000,0.33980107782492713,"[52685, 22579, 22579, 672]",{}
147,0.90025,54015,60000,8880000,60000,0.32359091142107593,"[52685, 22579, 22579, 672]",{}
148,0.8942666666666667,53656,60000,8940000,60000,0.3379916347029609,"[52685, 22579, 22579, 672]",{}
149,0.8941,53646,60000,9000000,60000,0.34338342046944054,"[52685, 22579, 22579, 672]",{}
