task_index,phase,lifetime_examples_seen,dead_unit_fraction_layer_0,effective_rank_layer_0,dead_unit_fraction_layer_1,effective_rank_layer_1,dead_unit_fraction_layer_2,effective_rank_layer_2,dead_unit_fraction_overall,mean_absolute_weight_layer_0,mean_absolute_weight_layer_1,mean_absolute_weight_layer_2,mean_absolute_weight_output,mean_absolute_weight,active_edges_layer_0,initial_mask_overlap_fraction_layer_0,active_edges_layer_1,initial_mask_overlap_fraction_layer_1,active_edges_layer_2,initial_mask_overlap_fraction_layer_2,active_edges_layer_3,initial_mask_overlap_fraction_layer_3,active_edges_total,initial_mask_overlap_fraction_overall
0,task_start,0,0.0,200.6827633670736,0.002976190476190476,178.29386224722992,0.008928571428571428,168.16310927344333,0.003968253968253968,0.01953732967376709,0.029730385169386864,0.030063124373555183,0.020875146612524986,0.02429511398077011,52685,1.0,22579,1.0,22579,1.0,672,1.0,98515,1.0
5,task_start,300000,0.0,186.75332692619384,0.005952380952380952,165.69779799911464,0.020833333333333332,142.82616167331025,0.008928571428571428,0.020977012813091278,0.03145274519920349,0.031618598848581314,0.054361410439014435,0.026044722646474838,52685,1.0,22579,1.0,22579,1.0,672,1.0,98515,1.0
10,task_start,600000,0.0,178.97963273079358,0.008928571428571428,155.68700646520767,0.01488095238095238,128.50116236681015,0.007936507936507936,0.022182820364832878,0.03244869410991669,0.03225124999880791,0.0618147999048233,0.02711368165910244,52685,1.0,22579,1.0,22579,1.0,672,1.0,98515,1.0
15,task_start,900000,0.002976190476190476,166.26962504448048,0.026785714285714284,142.525995850433,0.020833333333333332,122.41040917530108,0.016865079365079364,0.023366466164588928,0.03339467942714691,0.03282251954078674,0.06702432781457901,0.02812996879220009,52685,1.0,22579,1.0,22579,1.0,672,1.0,98515,1.0
20,task_start,1200000,0.005952380952380952,165.89166077373918,0.03869047619047619,139.6457488034583,0.03273809523809524,117.63450062489409,0.025793650793650792,0.024414226412773132,0.03422581031918526,0.03333444520831108,0.07154488563537598,0.02902895398437977,52685,1.0,22579,1.0,22579,1.0,672,1.0,98515,1.0
25,task_start,1500000,0.005952380952380952,163.2670897044617,0.03869047619047619,128.7694659812859,0.06845238095238096,99.93439957386119,0.037698412698412696,0.025451423600316048,0.034989163279533386,0.033865053206682205,0.07596014440059662,0.02991032414138317,52685,1.0,22579,1.0,22579,1.0,672,1.0,98515,1.0
30,task_start,1800000,0.011904761904761904,164.35943562712347,0.041666666666666664,139.75903275897556,0.047619047619047616,113.26885537945385,0.03373015873015873,0.026344886049628258,0.03562179580330849,0.03431180119514465,0.07856281846761703,0.030653279274702072,52685,1.0,22579,1.0,22579,1.0,672,1.0,98515,1.0
35,task_start,2100000,0.011904761904761904,166.25133458355768,0.020833333333333332,144.76827162369747,0.047619047619047616,113.6703172648132,0.026785714285714284,0.0272086039185524,0.03624047338962555,0.034706875681877136,0.0803200826048851,0.03135951980948448,52685,1.0,22579,1.0,22579,1.0,672,1.0,98515,1.0
40,task_start,2400000,0.017857142857142856,157.81355499580226,0.041666666666666664,122.25533650755696,0.07142857142857142,97.77379718408122,0.04365079365079365,0.028056638315320015,0.03685883432626724,0.03510743007063866,0.08282056450843811,0.03206362575292587,52685,1.0,22579,1.0,22579,1.0,672,1.0,98515,1.0
45,task_start,2700000,0.023809523809523808,156.0961336365235,0.08630952380952381,120.33292357330387,0.0744047619047619,103.59367829074537,0.061507936507936505,0.02886943891644478,0.03736993670463562,0.035449594259262085,0.08351515233516693,0.032698605209589005,52685,1.0,22579,1.0,22579,1.0,672,1.0,98515,1.0
50,task_start,3000000,0.008928571428571428,160.65134947451983,0.05654761904761905,120.78475138378703,0.09523809523809523,98.77598184002869,0.05357142857142857,0.029615504667162895,0.0379999615252018,0.03585528954863548,0.0853353962302208,0.033347390592098236,52685,1.0,22579,1.0,22579,1.0,672,1.0,98515,1.0
55,task_start,3300000,0.01488095238095238,149.1493040377371,0.11011904761904762,113.3436403801622,0.09821428571428571,103.25611633280876,0.0744047619047619,0.030318694189190865,0.03857332840561867,0.036249492317438126,0.08737057447433472,0.03395909070968628,52685,1.0,22579,1.0,22579,1.0,672,1.0,98515,1.0
60,task_start,3600000,0.020833333333333332,152.46653749714693,0.10119047619047619,111.9511725682101,0.11904761904761904,95.5765306905886,0.08035714285714286,0.030955305323004723,0.03907359018921852,0.036544159054756165,0.08820343017578125,0.03448742255568504,52685,1.0,22579,1.0,22579,1.0,672,1.0,98515,1.0
65,task_start,3900000,0.017857142857142856,153.8288738989016,0.0744047619047619,120.50443371011077,0.0744047619047619,106.04560368342973,0.05555555555555555,0.03154926747083664,0.039577238261699677,0.036797892302274704,0.08779692649841309,0.03497587889432907,52685,1.0,22579,1.0,22579,1.0,672,1.0,98515,1.0
70,task_start,4200000,0.020833333333333332,151.73816993140653,0.12202380952380952,111.81645481292348,0.1130952380952381,95.93155991303388,0.08531746031746032,0.03212873265147209,0.04000430554151535,0.03712537884712219,0.0877680629491806,0.0354585163295269,52685,1.0,22579,1.0,22579,1.0,672,1.0,98515,1.0
75,task_start,4500000,0.008928571428571428,154.79580914596383,0.11904761904761904,112.89035358062719,0.13392857142857142,94.63662604453913,0.0873015873015873,0.03272248059511185,0.04049370437860489,0.03745440021157265,0.08759813010692596,0.035962462425231934,52685,1.0,22579,1.0,22579,1.0,672,1.0,98515,1.0
80,task_start,4800000,0.017857142857142856,153.16046673340247,0.13988095238095238,103.85257992427523,0.09226190476190477,92.12771412833905,0.08333333333333333,0.03324124962091446,0.04088960215449333,0.03773970529437065,0.08734096586704254,0.03639426454901695,52685,1.0,22579,1.0,22579,1.0,672,1.0,98515,1.0
85,task_start,5100000,0.023809523809523808,151.79158560424906,0.11904761904761904,110.11642500264318,0.09821428571428571,99.21584902375763,0.08035714285714286,0.033714041113853455,0.04128309339284897,0.03803348168730736,0.08655472099781036,0.036799270659685135,52685,1.0,22579,1.0,22579,1.0,672,1.0,98515,1.0
90,task_start,5400000,0.026785714285714284,145.91858989608068,0.16666666666666666,86.11322264078355,0.18154761904761904,76.62523540757691,0.125,0.03415306285023689,0.04161500930786133,0.03834349289536476,0.08664233237504959,0.03718177601695061,52685,1.0,22579,1.0,22579,1.0,672,1.0,98515,1.0
95,task_start,5700000,0.01488095238095238,147.88283211417414,0.18452380952380953,89.29231361243902,0.17559523809523808,83.78000581263929,0.125,0.03460034728050232,0.04194480925798416,0.03869381919503212,0.08682551980018616,0.03757810965180397,52685,1.0,22579,1.0,22579,1.0,672,1.0,98515,1.0
100,task_start,6000000,0.008928571428571428,146.9989114054562,0.1636904761904762,100.42140890548357,0.14583333333333334,88.57749309521166,0.10615079365079365,0.03499643877148628,0.042321544140577316,0.03894871100783348,0.08545882999897003,0.03792538121342659,52685,1.0,22579,1.0,22579,1.0,672,1.0,98515,1.0
105,task_start,6300000,0.011904761904761904,149.25021617483617,0.13095238095238096,110.95745113858642,0.13690476190476192,93.4224160438873,0.09325396825396826,0.03541690856218338,0.04259777441620827,0.03922519087791443,0.08529987931251526,0.0382758304476738,52685,1.0,22579,1.0,22579,1.0,672,1.0,98515,1.0
110,task_start,6600000,0.020833333333333332,147.08082143260884,0.16964285714285715,102.34892707944346,0.17261904761904762,89.75318894390642,0.12103174603174603,0.03586271405220032,0.04295714199542999,0.03945169970393181,0.08555081486701965,0.038650237023830414,52685,1.0,22579,1.0,22579,1.0,672,1.0,98515,1.0
115,task_start,6900000,0.03273809523809524,149.23827493507545,0.15178571428571427,105.87842712516417,0.15476190476190477,86.77987770281312,0.1130952380952381,0.03627454861998558,0.04334196448326111,0.039736557751894,0.08426064252853394,0.03901516646146774,52685,1.0,22579,1.0,22579,1.0,672,1.0,98515,1.0
120,task_start,7200000,0.026785714285714284,145.86510433473242,0.08630952380952381,102.5253771101965,0.20833333333333334,72.4795702587048,0.10714285714285714,0.03669217601418495,0.04358489811420441,0.04001278802752495,0.08389174938201904,0.03935498371720314,52685,1.0,22579,1.0,22579,1.0,672,1.0,98515,1.0
125,task_start,7500000,0.023809523809523808,152.34454125554646,0.1130952380952381,111.37044921939433,0.20833333333333334,86.9066309443839,0.11507936507936507,0.0370524562895298,0.043825507164001465,0.040317803621292114,0.08385252952575684,0.03967244178056717,52685,1.0,22579,1.0,22579,1.0,672,1.0,98515,1.0
130,task_start,7800000,0.020833333333333332,140.23459807609353,0.15178571428571427,96.05103637009296,0.2648809523809524,72.10119687811171,0.14583333333333334,0.03739585727453232,0.044115304946899414,0.04049726203083992,0.08322581648826599,0.039959367364645004,52685,1.0,22579,1.0,22579,1.0,672,1.0,98515,1.0
135,task_start,8100000,0.03273809523809524,142.23851619507778,0.11011904761904762,109.21829012910051,0.20535714285714285,75.02800197835174,0.11607142857142858,0.03779459744691849,0.044463466852903366,0.040738388895988464,0.0820421576499939,0.04029959812760353,52685,1.0,22579,1.0,22579,1.0,672,1.0,98515,1.0
140,task_start,8400000,0.01488095238095238,137.55733480655874,0.15178571428571427,103.15994426525042,0.1636904761904762,76.83841001288832,0.11011904761904762,0.03809605911374092,0.04477297142148018,0.040992047637701035,0.08227507025003433,0.04059147462248802,52685,1.0,22579,1.0,22579,1.0,672,1.0,98515,1.0
145,task_start,8700000,0.02976190476190476,138.9692058885742,0.13988095238095238,103.90716757075565,0.19642857142857142,77.39062702945569,0.12202380952380952,0.03839904069900513,0.045011699199676514,0.04114813730120659,0.08154939115047455,0.040839046239852905,52685,1.0,22579,1.0,22579,1.0,672,1.0,98515,1.0
149,final,9000000,0.03571428571428571,127.88902175054768,0.17559523809523808,87.23734704397035,0.20535714285714285,76.28993141764292,0.1388888888888889,0.038692135363817215,0.045254990458488464,0.041405171155929565,0.08074742555618286,0.0411049947142601,52685,1.0,22579,1.0,22579,1.0,672,1.0,98515,1.0
