model,seed,data_source,permutations,updates_per_permutation,active_parameters,total_parameters,runtime_seconds,final_eval_accuracy,mean_adaptation_auc,early_25pct_accuracy,late_25pct_accuracy
continual_backprop,1,synthetic,20,2,269322,269322,0.035239291028119624,0.0625,0.05390625,0.053125,0.0625
continual_backprop,2,synthetic,20,2,269322,269322,0.034319041995331645,0.0625,0.06328125,0.08125,0.0625
rigl,1,synthetic,20,2,54282,269322,0.18991570896469057,0.0625,0.059375,0.05,0.0625
rigl,2,synthetic,20,2,54282,269322,0.19532099994830787,0.0625,0.0609375,0.05625,0.0625
selective_reset,1,synthetic,20,2,54282,269322,0.8620303749339655,0.0625,0.0625,0.0625,0.0625
selective_reset,2,synthetic,20,2,54282,269322,0.8527550420258194,0.0625,0.059375,0.05,0.0625
static_dense,1,synthetic,20,2,269322,269322,0.5166540000354871,0.0625,0.0484375,0.046875,0.059375
static_dense,2,synthetic,20,2,269322,269322,0.029404332977719605,0.0625,0.06484375,0.084375,0.0625
static_sparse,1,synthetic,20,2,54282,269322,0.058703500078991055,0.0625,0.0625,0.0625,0.0625
static_sparse,2,synthetic,20,2,54282,269322,0.055958415963687,0.0625,0.05859375,0.046875,0.0625
