model,seed,global_step,permutation_index,samples_seen,train_loss,eval_loss,eval_accuracy,total_possible_parameters,actual_tensor_parameters,logical_active_parameters,active_parameters,trainable_active_parameters,model_tensor_memory_bytes,auxiliary_algorithm_state_memory_bytes,optimizer_state_memory_bytes,estimated_total_training_state_memory_bytes,estimated_dense_macs_per_example,dormant_relu_fraction,activation_mean,activation_std,weight_l2_norm,replacement_count,rewire_count,reset_count
continual_backprop,1,0,0,0,0.0,2.3234076499938965,0.09375,269322,269322,269322,269322,269322,1077288,6144,0,1083432,268800,0.48760986328125,0.107048787176609,0.1668099462985992,13.18776512145996,0.0,,
continual_backprop,1,2,0,64,2.289238691329956,2.326953172683716,0.0625,269322,269322,269322,269322,269322,1077288,6144,0,1083432,268800,0.48931884765625,0.1064230725169181,0.1666050404310226,13.187719345092772,0.0,,
continual_backprop,1,2,1,64,2.289238691329956,2.325716733932495,0.0625,269322,269322,269322,269322,269322,1077288,6144,0,1083432,268800,0.49017333984375,0.1066330224275589,0.166789248585701,13.187719345092772,0.0,,
continual_backprop,1,4,1,128,2.2928171157836914,2.329148530960083,0.03125,269322,269322,269322,269322,269322,1077288,6144,0,1083432,268800,0.49127197265625,0.1067051962018013,0.1674267798662185,13.1878080368042,0.0,,
continual_backprop,1,4,2,128,2.2928171157836914,2.331177234649658,0.03125,269322,269322,269322,269322,269322,1077288,6144,0,1083432,268800,0.49169921875,0.1049151197075843,0.1657167077064514,13.1878080368042,0.0,,
continual_backprop,1,6,2,192,2.27408766746521,2.336090564727783,0.0625,269322,269322,269322,269322,269322,1077288,6144,0,1083432,268800,0.48138427734375,0.1069603115320205,0.1672406643629074,13.195427894592283,10.0,,
continual_backprop,1,6,3,192,2.27408766746521,2.337740898132324,0.03125,269322,269322,269322,269322,269322,1077288,6144,0,1083432,268800,0.47857666015625,0.1076830029487609,0.1666576415300369,13.195427894592283,10.0,,
continual_backprop,1,8,3,256,2.283430814743042,2.3413443565368652,0.0625,269322,269322,269322,269322,269322,1077288,6144,0,1083432,268800,0.47991943359375,0.1085033416748046,0.1682458668947219,13.19561004638672,10.0,,
continual_backprop,1,8,4,256,2.283430814743042,2.33379864692688,0.0625,269322,269322,269322,269322,269322,1077288,6144,0,1083432,268800,0.480712890625,0.1076108664274215,0.1671384125947952,13.19561004638672,10.0,,
continual_backprop,1,10,4,320,2.2761759757995605,2.336284637451172,0.03125,269322,269322,269322,269322,269322,1077288,6144,0,1083432,268800,0.47015380859375,0.1134420037269592,0.1725393086671829,13.203128814697266,20.0,,
continual_backprop,1,10,5,320,2.2761759757995605,2.3436567783355713,0.09375,269322,269322,269322,269322,269322,1077288,6144,0,1083432,268800,0.46820068359375,0.1147326081991195,0.1729874908924102,13.203128814697266,20.0,,
continual_backprop,1,12,5,384,2.28244686126709,2.3488481044769287,0.0625,269322,269322,269322,269322,269322,1077288,6144,0,1083432,268800,0.469482421875,0.1163594126701355,0.1755327433347702,13.203439712524414,20.0,,
continual_backprop,1,12,6,384,2.28244686126709,2.3453261852264404,0.03125,269322,269322,269322,269322,269322,1077288,6144,0,1083432,268800,0.4669189453125,0.1169276013970375,0.1761293709278106,13.203439712524414,20.0,,
continual_backprop,1,14,6,448,2.282243490219116,2.350768804550171,0.03125,269322,269322,269322,269322,269322,1077288,6144,0,1083432,268800,0.467529296875,0.1187984272837638,0.1788195222616195,13.20373821258545,20.0,,
continual_backprop,1,14,7,448,2.282243490219116,2.357421636581421,0.03125,269322,269322,269322,269322,269322,1077288,6144,0,1083432,268800,0.471923828125,0.1187977790832519,0.1807040125131607,13.20373821258545,20.0,,
continual_backprop,1,16,7,512,2.245612859725952,2.3673298358917236,0.0625,269322,269322,269322,269322,269322,1077288,6144,0,1083432,268800,0.46142578125,0.1238593235611915,0.1849099993705749,13.2030668258667,30.0,,
continual_backprop,1,16,8,512,2.245612859725952,2.370288372039795,0.03125,269322,269322,269322,269322,269322,1077288,6144,0,1083432,268800,0.45965576171875,0.123482197523117,0.1844097524881363,13.2030668258667,30.0,,
continual_backprop,1,18,8,576,2.259635210037231,2.3763577938079834,0.03125,269322,269322,269322,269322,269322,1077288,6144,0,1083432,268800,0.4605712890625,0.1256272792816162,0.1874653548002243,13.203431129455566,30.0,,
continual_backprop,1,18,9,576,2.259635210037231,2.3672871589660645,0.03125,269322,269322,269322,269322,269322,1077288,6144,0,1083432,268800,0.4580078125,0.1252775192260742,0.1861570924520492,13.203431129455566,30.0,,
continual_backprop,1,20,9,640,2.2794525623321533,2.37359619140625,0.0625,269322,269322,269322,269322,269322,1077288,6144,0,1083432,268800,0.44793701171875,0.130117267370224,0.1901133358478546,13.202545166015623,40.0,,
continual_backprop,1,20,10,640,2.2794525623321533,2.374488592147827,0.0625,269322,269322,269322,269322,269322,1077288,6144,0,1083432,268800,0.444580078125,0.1296280622482299,0.1894825845956802,13.202545166015623,40.0,,
continual_backprop,1,22,10,704,2.297746181488037,2.3802123069763184,0.0625,269322,269322,269322,269322,269322,1077288,6144,0,1083432,268800,0.4464111328125,0.131067156791687,0.1922616213560104,13.202836036682127,40.0,,
continual_backprop,1,22,11,704,2.297746181488037,2.3773016929626465,0.03125,269322,269322,269322,269322,269322,1077288,6144,0,1083432,268800,0.45220947265625,0.1306658089160919,0.193031907081604,13.202836036682127,40.0,,
continual_backprop,1,24,11,768,2.2847135066986084,2.384281635284424,0.0625,269322,269322,269322,269322,269322,1077288,6144,0,1083432,268800,0.4505615234375,0.1328833699226379,0.1959554255008697,13.203177452087402,40.0,,
continual_backprop,1,24,12,768,2.2847135066986084,2.3828938007354736,0.03125,269322,269322,269322,269322,269322,1077288,6144,0,1083432,268800,0.45269775390625,0.1338882893323898,0.1973316669464111,13.203177452087402,40.0,,
continual_backprop,1,26,12,832,2.172499656677246,2.3818397521972656,0.03125,269322,269322,269322,269322,269322,1077288,6144,0,1083432,268800,0.441650390625,0.1383955478668213,0.2002574652433395,13.201871871948242,50.0,,
continual_backprop,1,26,13,832,2.172499656677246,2.3898019790649414,0.09375,269322,269322,269322,269322,269322,1077288,6144,0,1083432,268800,0.43603515625,0.137894332408905,0.1990020722150802,13.201871871948242,50.0,,
continual_backprop,1,28,13,896,2.27571177482605,2.3960349559783936,0.09375,269322,269322,269322,269322,269322,1077288,6144,0,1083432,268800,0.43701171875,0.1395120024681091,0.2014849931001663,13.202194213867188,50.0,,
continual_backprop,1,28,14,896,2.27571177482605,2.3906493186950684,0.03125,269322,269322,269322,269322,269322,1077288,6144,0,1083432,268800,0.4375,0.1390306949615478,0.2020936161279678,13.202194213867188,50.0,,
continual_backprop,1,30,14,960,2.2725722789764404,2.3940136432647705,0.03125,269322,269322,269322,269322,269322,1077288,6144,0,1083432,268800,0.42694091796875,0.1416858434677124,0.2041941285133361,13.197172164916992,60.0,,
continual_backprop,1,30,15,960,2.2725722789764404,2.3942384719848633,0.0625,269322,269322,269322,269322,269322,1077288,6144,0,1083432,268800,0.4324951171875,0.1405290067195892,0.2019746303558349,13.197172164916992,60.0,,
continual_backprop,1,32,15,1024,2.2429275512695312,2.4007012844085693,0.0625,269322,269322,269322,269322,269322,1077288,6144,0,1083432,268800,0.43304443359375,0.1421891897916793,0.2046568542718887,13.197482109069824,60.0,,
continual_backprop,1,32,16,1024,2.2429275512695312,2.4095332622528076,0.0625,269322,269322,269322,269322,269322,1077288,6144,0,1083432,268800,0.42840576171875,0.1435962915420532,0.2052381485700607,13.197482109069824,60.0,,
continual_backprop,1,34,16,1088,2.1905429363250732,2.415130615234375,0.0625,269322,269322,269322,269322,269322,1077288,6144,0,1083432,268800,0.42864990234375,0.1452738344669342,0.207370787858963,13.197827339172363,60.0,,
continual_backprop,1,34,17,1088,2.1905429363250732,2.4022650718688965,0.0625,269322,269322,269322,269322,269322,1077288,6144,0,1083432,268800,0.4278564453125,0.1452444791793823,0.208273634314537,13.197827339172363,60.0,,
continual_backprop,1,36,17,1152,2.239206075668335,2.410291910171509,0.0625,269322,269322,269322,269322,269322,1077288,6144,0,1083432,268800,0.41943359375,0.1486291736364364,0.2104981690645218,13.20108127593994,70.0,,
continual_backprop,1,36,18,1152,2.239206075668335,2.415273904800415,0.0625,269322,269322,269322,269322,269322,1077288,6144,0,1083432,268800,0.42486572265625,0.1497740149497985,0.2128789126873016,13.20108127593994,70.0,,
continual_backprop,1,38,18,1216,2.250441789627075,2.419543981552124,0.0625,269322,269322,269322,269322,269322,1077288,6144,0,1083432,268800,0.426513671875,0.1508643329143524,0.2148099094629287,13.201274871826172,70.0,,
continual_backprop,1,38,19,1216,2.250441789627075,2.41538667678833,0.0625,269322,269322,269322,269322,269322,1077288,6144,0,1083432,268800,0.42340087890625,0.1507153958082199,0.2131113708019256,13.201274871826172,70.0,,
continual_backprop,1,40,19,1280,2.25500750541687,2.4201560020446777,0.0625,269322,269322,269322,269322,269322,1077288,6144,0,1083432,268800,0.4205322265625,0.1525507867336273,0.2148909419775009,13.20048999786377,80.0,,
continual_backprop,2,0,0,0,0.0,2.3118481636047363,0.0625,269322,269322,269322,269322,269322,1077288,6144,0,1083432,268800,0.51898193359375,0.0918081179261207,0.1538881510496139,13.212302207946776,0.0,,
continual_backprop,2,2,0,64,2.313129186630249,2.310760498046875,0.15625,269322,269322,269322,269322,269322,1077288,6144,0,1083432,268800,0.5181884765625,0.0911494493484497,0.1530776768922805,13.21218204498291,0.0,,
continual_backprop,2,2,1,64,2.313129186630249,2.3120620250701904,0.09375,269322,269322,269322,269322,269322,1077288,6144,0,1083432,268800,0.51641845703125,0.0937529578804969,0.155480220913887,13.21218204498291,0.0,,
continual_backprop,2,4,1,128,2.326960563659668,2.311406135559082,0.1875,269322,269322,269322,269322,269322,1077288,6144,0,1083432,268800,0.51727294921875,0.0928803086280822,0.1549536138772964,13.21205234527588,0.0,,
continual_backprop,2,4,2,128,2.326960563659668,2.316257953643799,0.0625,269322,269322,269322,269322,269322,1077288,6144,0,1083432,268800,0.52349853515625,0.090839110314846,0.1539378464221954,13.21205234527588,0.0,,
continual_backprop,2,6,2,192,2.30212664604187,2.3183906078338623,0.0625,269322,269322,269322,269322,269322,1077288,6144,0,1083432,268800,0.51080322265625,0.0934228226542472,0.1550797820091247,13.216596603393556,10.0,,
continual_backprop,2,6,3,192,2.30212664604187,2.316500186920166,0.09375,269322,269322,269322,269322,269322,1077288,6144,0,1083432,268800,0.51019287109375,0.0938454270362854,0.155614748597145,13.216596603393556,10.0,,
continual_backprop,2,8,3,256,2.302055835723877,2.3159894943237305,0.03125,269322,269322,269322,269322,269322,1077288,6144,0,1083432,268800,0.51202392578125,0.0935339480638504,0.1558367162942886,13.216591835021973,10.0,,
continual_backprop,2,8,4,256,2.302055835723877,2.3202579021453857,0.03125,269322,269322,269322,269322,269322,1077288,6144,0,1083432,268800,0.506103515625,0.0937592238187789,0.1555372923612594,13.216591835021973,10.0,,
continual_backprop,2,10,4,320,2.297140598297119,2.320607900619507,0.03125,269322,269322,269322,269322,269322,1077288,6144,0,1083432,268800,0.498046875,0.0949184894561767,0.1566344499588012,13.21556282043457,20.0,,
continual_backprop,2,10,5,320,2.297140598297119,2.322171688079834,0.03125,269322,269322,269322,269322,269322,1077288,6144,0,1083432,268800,0.5042724609375,0.0949236750602722,0.1561409384012222,13.21556282043457,20.0,,
continual_backprop,2,12,5,384,2.293351888656616,2.3222920894622803,0.03125,269322,269322,269322,269322,269322,1077288,6144,0,1083432,268800,0.50567626953125,0.0952707380056381,0.1572831273078918,13.215598106384276,20.0,,
continual_backprop,2,12,6,384,2.293351888656616,2.3186702728271484,0.03125,269322,269322,269322,269322,269322,1077288,6144,0,1083432,268800,0.503662109375,0.0947726666927337,0.1577323079109192,13.215598106384276,20.0,,
continual_backprop,2,14,6,448,2.293945074081421,2.3185291290283203,0.03125,269322,269322,269322,269322,269322,1077288,6144,0,1083432,268800,0.5048828125,0.0953979790210723,0.1592449843883514,13.215779304504396,20.0,,
continual_backprop,2,14,7,448,2.293945074081421,2.3098785877227783,0.03125,269322,269322,269322,269322,269322,1077288,6144,0,1083432,268800,0.50506591796875,0.0951220467686653,0.158307209610939,13.215779304504396,20.0,,
continual_backprop,2,16,7,512,2.2907204627990723,2.3101587295532227,0.0625,269322,269322,269322,269322,269322,1077288,6144,0,1083432,268800,0.496337890625,0.0976584181189537,0.1614574640989303,13.21961498260498,30.0,,
continual_backprop,2,16,8,512,2.2907204627990723,2.309741497039795,0.0625,269322,269322,269322,269322,269322,1077288,6144,0,1083432,268800,0.49798583984375,0.0975276008248329,0.1614746749401092,13.21961498260498,30.0,,
continual_backprop,2,18,8,576,2.275327205657959,2.3098456859588623,0.0625,269322,269322,269322,269322,269322,1077288,6144,0,1083432,268800,0.49981689453125,0.0982401594519615,0.1634166091680526,13.219804763793944,30.0,,
continual_backprop,2,18,9,576,2.275327205657959,2.3232133388519287,0.0625,269322,269322,269322,269322,269322,1077288,6144,0,1083432,268800,0.5010986328125,0.0974297747015953,0.1629914492368698,13.219804763793944,30.0,,
continual_backprop,2,20,9,640,2.2902252674102783,2.321969985961914,0.0625,269322,269322,269322,269322,269322,1077288,6144,0,1083432,268800,0.4993896484375,0.099145732820034,0.165613368153572,13.218263626098633,40.0,,
continual_backprop,2,20,10,640,2.2902252674102783,2.3111491203308105,0.0625,269322,269322,269322,269322,269322,1077288,6144,0,1083432,268800,0.49664306640625,0.0994774475693702,0.1647812128067016,13.218263626098633,40.0,,
continual_backprop,2,22,10,704,2.2716288566589355,2.311410903930664,0.0625,269322,269322,269322,269322,269322,1077288,6144,0,1083432,268800,0.49871826171875,0.1008093357086181,0.1671702563762664,13.218480110168455,40.0,,
continual_backprop,2,22,11,704,2.2716288566589355,2.3158366680145264,0.0625,269322,269322,269322,269322,269322,1077288,6144,0,1083432,268800,0.5023193359375,0.1023266911506652,0.1707675457000732,13.218480110168455,40.0,,
continual_backprop,2,24,11,768,2.2749509811401367,2.317310571670532,0.0625,269322,269322,269322,269322,269322,1077288,6144,0,1083432,268800,0.5040283203125,0.1036296412348747,0.1732227057218551,13.218720436096191,40.0,,
continual_backprop,2,24,12,768,2.2749509811401367,2.30961537361145,0.0625,269322,269322,269322,269322,269322,1077288,6144,0,1083432,268800,0.49981689453125,0.1036946773529052,0.1717301607131958,13.218720436096191,40.0,,
continual_backprop,2,26,12,832,2.290578603744507,2.31164026260376,0.0625,269322,269322,269322,269322,269322,1077288,6144,0,1083432,268800,0.4959716796875,0.1071566343307495,0.1761125177145004,13.21967887878418,50.0,,
continual_backprop,2,26,13,832,2.290578603744507,2.3130104541778564,0.0625,269322,269322,269322,269322,269322,1077288,6144,0,1083432,268800,0.495849609375,0.1060024499893188,0.1738149672746658,13.21967887878418,50.0,,
continual_backprop,2,28,13,896,2.2889437675476074,2.3142170906066895,0.0625,269322,269322,269322,269322,269322,1077288,6144,0,1083432,268800,0.4990234375,0.1072342172265052,0.1764964759349823,13.219865798950195,50.0,,
continual_backprop,2,28,14,896,2.2889437675476074,2.315563917160034,0.0625,269322,269322,269322,269322,269322,1077288,6144,0,1083432,268800,0.4970703125,0.1089161112904548,0.1798388212919235,13.219865798950195,50.0,,
continual_backprop,2,30,14,960,2.2709691524505615,2.317176103591919,0.0625,269322,269322,269322,269322,269322,1077288,6144,0,1083432,268800,0.48565673828125,0.1124904528260231,0.1827193349599838,13.2181978225708,60.0,,
continual_backprop,2,30,15,960,2.2709691524505615,2.322385311126709,0.0625,269322,269322,269322,269322,269322,1077288,6144,0,1083432,268800,0.48931884765625,0.1125560700893402,0.1832819432020187,13.2181978225708,60.0,,
continual_backprop,2,32,15,1024,2.249275922775269,2.323982954025269,0.0625,269322,269322,269322,269322,269322,1077288,6144,0,1083432,268800,0.4898681640625,0.1140393838286399,0.185550570487976,13.218389511108398,60.0,,
continual_backprop,2,32,16,1024,2.249275922775269,2.3238019943237305,0.0625,269322,269322,269322,269322,269322,1077288,6144,0,1083432,268800,0.48828125,0.1131586208939552,0.1836499720811844,13.218389511108398,60.0,,
continual_backprop,2,34,16,1088,2.3176541328430176,2.3248178958892822,0.0625,269322,269322,269322,269322,269322,1077288,6144,0,1083432,268800,0.486572265625,0.1146048605442047,0.1857894361019134,13.21862506866455,60.0,,
continual_backprop,2,34,17,1088,2.3176541328430176,2.3222618103027344,0.0625,269322,269322,269322,269322,269322,1077288,6144,0,1083432,268800,0.48956298828125,0.1145448759198188,0.1872304826974868,13.21862506866455,60.0,,
continual_backprop,2,36,17,1152,2.26302719116211,2.324734926223755,0.0625,269322,269322,269322,269322,269322,1077288,6144,0,1083432,268800,0.48004150390625,0.1182738468050956,0.1900153458118438,13.222074508666992,70.0,,
continual_backprop,2,36,18,1152,2.26302719116211,2.328845500946045,0.0625,269322,269322,269322,269322,269322,1077288,6144,0,1083432,268800,0.4822998046875,0.1182971000671386,0.188482403755188,13.222074508666992,70.0,,
continual_backprop,2,38,18,1216,2.2531096935272217,2.3307251930236816,0.0625,269322,269322,269322,269322,269322,1077288,6144,0,1083432,268800,0.48089599609375,0.1194705590605735,0.1904117912054062,13.22227668762207,70.0,,
continual_backprop,2,38,19,1216,2.2531096935272217,2.321822166442871,0.0625,269322,269322,269322,269322,269322,1077288,6144,0,1083432,268800,0.47845458984375,0.1202524006366729,0.1915439218282699,13.22227668762207,70.0,,
continual_backprop,2,40,19,1280,2.2874960899353027,2.3210251331329346,0.0625,269322,269322,269322,269322,269322,1077288,6144,0,1083432,268800,0.47113037109375,0.1230521947145462,0.1938516944646835,13.227412223815918,80.0,,
rigl,1,0,0,0,0.0,2.319100856781006,0.0625,269322,269322,54282,54282,54282,1346088,0,0,1346088,268800,0.25634765625,1.224684715270996,1.0538675785064695,7.179366588592529,,0.0,
rigl,1,2,0,64,2.3000783920288086,2.3249311447143555,0.0625,269322,269322,54282,54282,54282,1346088,0,0,1346088,268800,0.2593994140625,1.2243833541870115,1.0536617040634155,7.179014205932617,,0.0,
rigl,1,2,1,64,2.3000783920288086,2.3255059719085693,0.0625,269322,269322,54282,54282,54282,1346088,0,0,1346088,268800,0.259765625,1.2249349355697632,1.0543608665466309,7.179014205932617,,0.0,
rigl,1,4,1,128,2.298370599746704,2.332585334777832,0.0625,269322,269322,54282,54282,54282,1346088,0,0,1346088,268800,0.26129150390625,1.2252495288848877,1.0539270639419556,7.179019927978516,,0.0,
rigl,1,4,2,128,2.298370599746704,2.332807779312134,0.0625,269322,269322,54282,54282,54282,1346088,0,0,1346088,268800,0.26055908203125,1.2247912883758545,1.0534905195236206,7.179019927978516,,0.0,
rigl,1,6,2,192,2.2735469341278076,2.345998525619507,0.03125,269322,269322,54282,54282,54282,1346088,0,0,1346088,268800,0.26104736328125,1.1301844120025637,0.9723089933395386,7.039510250091553,,3.0,
rigl,1,6,3,192,2.2735469341278076,2.345402717590332,0.03125,269322,269322,54282,54282,54282,1346088,0,0,1346088,268800,0.26177978515625,1.1305294036865234,0.972387194633484,7.039510250091553,,3.0,
rigl,1,8,3,256,2.2747738361358643,2.355757713317871,0.03125,269322,269322,54282,54282,54282,1346088,0,0,1346088,268800,0.2628173828125,1.1316535472869873,0.971909761428833,7.03992223739624,,3.0,
rigl,1,8,4,256,2.2747738361358643,2.3565011024475098,0.03125,269322,269322,54282,54282,54282,1346088,0,0,1346088,268800,0.26263427734375,1.1309354305267334,0.971618115901947,7.03992223739624,,3.0,
rigl,1,10,4,320,2.2524938583374023,2.354992628097534,0.0625,269322,269322,54282,54282,54282,1346088,0,0,1346088,268800,0.26580810546875,1.1303189992904663,0.9721828103065492,7.040346145629883,,6.0,
rigl,1,10,5,320,2.2524938583374023,2.3540594577789307,0.0625,269322,269322,54282,54282,54282,1346088,0,0,1346088,268800,0.26666259765625,1.1303389072418213,0.972008228302002,7.040346145629883,,6.0,
rigl,1,12,5,384,2.280604839324951,2.365952968597412,0.0625,269322,269322,54282,54282,54282,1346088,0,0,1346088,268800,0.26837158203125,1.1317594051361084,0.9713204503059388,7.0409016609191895,,6.0,
rigl,1,12,6,384,2.280604839324951,2.367213726043701,0.0625,269322,269322,54282,54282,54282,1346088,0,0,1346088,268800,0.2685546875,1.1339401006698608,0.9730091094970704,7.0409016609191895,,6.0,
rigl,1,14,6,448,2.2662267684936523,2.3787686824798584,0.0625,269322,269322,54282,54282,54282,1346088,0,0,1346088,268800,0.26922607421875,1.1354844570159912,0.9723262190818788,7.041565418243408,,6.0,
rigl,1,14,7,448,2.2662267684936523,2.3774728775024414,0.0625,269322,269322,54282,54282,54282,1346088,0,0,1346088,268800,0.26824951171875,1.1349380016326904,0.9720917344093324,7.041565418243408,,6.0,
rigl,1,16,7,512,2.2302160263061523,2.3760757446289062,0.0625,269322,269322,54282,54282,54282,1346088,0,0,1346088,268800,0.26580810546875,1.1347486972808838,0.9723228216171264,7.042119026184082,,9.0,
rigl,1,16,8,512,2.2302160263061523,2.375496625900269,0.0625,269322,269322,54282,54282,54282,1346088,0,0,1346088,268800,0.265869140625,1.1325079202651978,0.9704412221908568,7.042119026184082,,9.0,
rigl,1,18,8,576,2.2661752700805664,2.381666660308838,0.0625,269322,269322,54282,54282,54282,1346088,0,0,1346088,268800,0.269287109375,1.133183240890503,0.970328450202942,7.042701244354248,,9.0,
rigl,1,18,9,576,2.2661752700805664,2.38346791267395,0.0625,269322,269322,54282,54282,54282,1346088,0,0,1346088,268800,0.2691650390625,1.134458065032959,0.9715623259544371,7.042701244354248,,9.0,
rigl,1,20,9,640,2.280197858810425,2.38733434677124,0.0625,269322,269322,54282,54282,54282,1346088,0,0,1346088,268800,0.26885986328125,1.1349966526031494,0.9712706804275512,7.04323673248291,,12.0,
rigl,1,20,10,640,2.280197858810425,2.3858625888824463,0.0625,269322,269322,54282,54282,54282,1346088,0,0,1346088,268800,0.2686767578125,1.134607434272766,0.9708881378173828,7.04323673248291,,12.0,
rigl,1,22,10,704,2.3023064136505127,2.393521785736084,0.0625,269322,269322,54282,54282,54282,1346088,0,0,1346088,268800,0.2701416015625,1.135697841644287,0.9704800844192504,7.04372501373291,,12.0,
rigl,1,22,11,704,2.3023064136505127,2.394561290740967,0.0625,269322,269322,54282,54282,54282,1346088,0,0,1346088,268800,0.27008056640625,1.134926676750183,0.9695849418640136,7.04372501373291,,12.0,
rigl,1,24,11,768,2.294180393218994,2.4017856121063232,0.0625,269322,269322,54282,54282,54282,1346088,0,0,1346088,268800,0.27154541015625,1.1359481811523438,0.9692087173461914,7.044179916381836,,12.0,
rigl,1,24,12,768,2.294180393218994,2.402210235595703,0.0625,269322,269322,54282,54282,54282,1346088,0,0,1346088,268800,0.2711181640625,1.1366024017333984,0.9696205258369446,7.044179916381836,,12.0,
rigl,1,26,12,832,2.156953811645508,2.416653871536255,0.0625,269322,269322,54282,54282,54282,1346088,0,0,1346088,268800,0.27166748046875,1.1388931274414062,0.9696311950683594,7.044745922088623,,15.0,
rigl,1,26,13,832,2.156953811645508,2.4165704250335693,0.0625,269322,269322,54282,54282,54282,1346088,0,0,1346088,268800,0.2706298828125,1.1392691135406494,0.9701838493347168,7.044745922088623,,15.0,
rigl,1,28,13,896,2.279477119445801,2.4188454151153564,0.0625,269322,269322,54282,54282,54282,1346088,0,0,1346088,268800,0.2711181640625,1.139816164970398,0.9701431393623352,7.044992923736572,,15.0,
rigl,1,28,14,896,2.279477119445801,2.417708396911621,0.0625,269322,269322,54282,54282,54282,1346088,0,0,1346088,268800,0.27264404296875,1.1395753622055054,0.9700780510902404,7.044992923736572,,15.0,
rigl,1,30,14,960,2.276003837585449,2.4046120643615723,0.0625,269322,269322,54282,54282,54282,1346088,0,0,1346088,268800,0.2728271484375,1.1372332572937012,0.969976246356964,7.045220851898193,,18.0,
rigl,1,30,15,960,2.276003837585449,2.4047985076904297,0.0625,269322,269322,54282,54282,54282,1346088,0,0,1346088,268800,0.27301025390625,1.1361640691757202,0.9687920808792114,7.045220851898193,,18.0,
rigl,1,32,15,1024,2.242011547088623,2.4118833541870117,0.0625,269322,269322,54282,54282,54282,1346088,0,0,1346088,268800,0.2742919921875,1.137178659439087,0.9684914946556092,7.045696258544922,,18.0,
rigl,1,32,16,1024,2.242011547088623,2.411877155303955,0.0625,269322,269322,54282,54282,54282,1346088,0,0,1346088,268800,0.27471923828125,1.1380054950714111,0.9692786335945128,7.045696258544922,,18.0,
rigl,1,34,16,1088,2.198056221008301,2.4176690578460693,0.0625,269322,269322,54282,54282,54282,1346088,0,0,1346088,268800,0.27691650390625,1.138479709625244,0.9693135619163512,7.046107769012451,,18.0,
rigl,1,34,17,1088,2.198056221008301,2.4177122116088867,0.0625,269322,269322,54282,54282,54282,1346088,0,0,1346088,268800,0.2755126953125,1.138089656829834,0.9690502882003784,7.046107769012451,,18.0,
rigl,1,36,17,1152,2.237473487854004,2.419661521911621,0.0625,269322,269322,54282,54282,54282,1346088,0,0,1346088,268800,0.27374267578125,1.1379480361938477,0.968959093093872,7.046525955200195,,21.0,
rigl,1,36,18,1152,2.237473487854004,2.4203391075134277,0.0625,269322,269322,54282,54282,54282,1346088,0,0,1346088,268800,0.274658203125,1.1385748386383057,0.969599723815918,7.046525955200195,,21.0,
rigl,1,38,18,1216,2.2509777545928955,2.4236814975738525,0.0625,269322,269322,54282,54282,54282,1346088,0,0,1346088,268800,0.275146484375,1.1391661167144775,0.9694409370422364,7.046810626983643,,21.0,
rigl,1,38,19,1216,2.2509777545928955,2.4239020347595215,0.0625,269322,269322,54282,54282,54282,1346088,0,0,1346088,268800,0.274658203125,1.1383898258209229,0.9685930013656616,7.046810626983643,,21.0,
rigl,1,40,19,1280,2.26293420791626,2.4235572814941406,0.0625,269322,269322,54282,54282,54282,1346088,0,0,1346088,268800,0.27484130859375,1.13862943649292,0.9685262441635132,7.047064304351807,,24.0,
rigl,2,0,0,0,0.0,2.311848402023315,0.125,269322,269322,54282,54282,54282,1346088,0,0,1346088,268800,0.2200927734375,1.244804620742798,1.034400463104248,7.171363830566406,,0.0,
rigl,2,2,0,64,2.315915584564209,2.31099009513855,0.03125,269322,269322,54282,54282,54282,1346088,0,0,1346088,268800,0.22296142578125,1.2445448637008667,1.0346041917800903,7.171252250671387,,0.0,
rigl,2,2,1,64,2.315915584564209,2.3107008934020996,0.03125,269322,269322,54282,54282,54282,1346088,0,0,1346088,268800,0.2222900390625,1.245548129081726,1.035439372062683,7.171252250671387,,0.0,
rigl,2,4,1,128,2.2965288162231445,2.311082124710083,0.03125,269322,269322,54282,54282,54282,1346088,0,0,1346088,268800,0.2249755859375,1.2455390691757202,1.0356147289276123,7.171339511871338,,0.0,
rigl,2,4,2,128,2.2965288162231445,2.311399459838867,0.03125,269322,269322,54282,54282,54282,1346088,0,0,1346088,268800,0.2254638671875,1.2447178363800049,1.0351001024246216,7.171339511871338,,0.0,
rigl,2,6,2,192,2.2851085662841797,2.3151886463165283,0.0625,269322,269322,54282,54282,54282,1346088,0,0,1346088,268800,0.2305908203125,1.1483145952224731,0.9564865231513976,7.032557010650635,,3.0,
rigl,2,6,3,192,2.2851085662841797,2.315765142440796,0.0625,269322,269322,54282,54282,54282,1346088,0,0,1346088,268800,0.22943115234375,1.1471476554870603,0.955490231513977,7.032557010650635,,3.0,
rigl,2,8,3,256,2.287182092666626,2.3173656463623047,0.0625,269322,269322,54282,54282,54282,1346088,0,0,1346088,268800,0.2305908203125,1.1477041244506836,0.955540657043457,7.032959461212158,,3.0,
rigl,2,8,4,256,2.287182092666626,2.3171920776367188,0.0625,269322,269322,54282,54282,54282,1346088,0,0,1346088,268800,0.23187255859375,1.1489731073379517,0.9566208124160768,7.032959461212158,,3.0,
rigl,2,10,4,320,2.275404930114746,2.3143904209136963,0.0625,269322,269322,54282,54282,54282,1346088,0,0,1346088,268800,0.2315673828125,1.1492221355438232,0.9560546875,7.033285617828369,,6.0,
rigl,2,10,5,320,2.275404930114746,2.314085006713867,0.0625,269322,269322,54282,54282,54282,1346088,0,0,1346088,268800,0.2315673828125,1.1488243341445925,0.9554082751274108,7.033285617828369,,6.0,
rigl,2,12,5,384,2.272690534591675,2.3191328048706055,0.0625,269322,269322,54282,54282,54282,1346088,0,0,1346088,268800,0.23138427734375,1.150282382965088,0.9548228979110718,7.033750534057617,,6.0,
rigl,2,12,6,384,2.272690534591675,2.319891452789306,0.0625,269322,269322,54282,54282,54282,1346088,0,0,1346088,268800,0.23150634765625,1.1503493785858154,0.9550482034683228,7.033750534057617,,6.0,
rigl,2,14,6,448,2.275789499282837,2.322714328765869,0.0625,269322,269322,54282,54282,54282,1346088,0,0,1346088,268800,0.2337646484375,1.151418685913086,0.9547574520111084,7.0341386795043945,,6.0,
rigl,2,14,7,448,2.275789499282837,2.3221049308776855,0.0625,269322,269322,54282,54282,54282,1346088,0,0,1346088,268800,0.2333984375,1.151179552078247,0.9545876383781432,7.0341386795043945,,6.0,
rigl,2,16,7,512,2.274501085281372,2.323850393295288,0.0625,269322,269322,54282,54282,54282,1346088,0,0,1346088,268800,0.23504638671875,1.1502050161361694,0.9552642703056335,7.03460168838501,,9.0,
rigl,2,16,8,512,2.274501085281372,2.3232333660125732,0.0625,269322,269322,54282,54282,54282,1346088,0,0,1346088,268800,0.235595703125,1.1504061222076416,0.9555544853210448,7.03460168838501,,9.0,
rigl,2,18,8,576,2.2799901962280273,2.322314739227295,0.0625,269322,269322,54282,54282,54282,1346088,0,0,1346088,268800,0.236572265625,1.1518033742904663,0.9547017812728882,7.034974575042725,,9.0,
rigl,2,18,9,576,2.2799901962280273,2.3232309818267822,0.0625,269322,269322,54282,54282,54282,1346088,0,0,1346088,268800,0.2369384765625,1.151137351989746,0.9544373750686646,7.034974575042725,,9.0,
rigl,2,20,9,640,2.284188747406006,2.322249412536621,0.0625,269322,269322,54282,54282,54282,1346088,0,0,1346088,268800,0.236083984375,1.1506502628326416,0.9549617767333984,7.035412788391113,,12.0,
rigl,2,20,10,640,2.284188747406006,2.3224055767059326,0.0625,269322,269322,54282,54282,54282,1346088,0,0,1346088,268800,0.23541259765625,1.1510584354400637,0.954866886138916,7.035412788391113,,12.0,
rigl,2,22,10,704,2.261842727661133,2.3244168758392334,0.0625,269322,269322,54282,54282,54282,1346088,0,0,1346088,268800,0.23687744140625,1.151916742324829,0.954697608947754,7.0358967781066895,,12.0,
rigl,2,22,11,704,2.261842727661133,2.3240246772766113,0.0625,269322,269322,54282,54282,54282,1346088,0,0,1346088,268800,0.2369384765625,1.1527708768844604,0.9553558826446532,7.0358967781066895,,12.0,
rigl,2,24,11,768,2.2694718837738037,2.3269240856170654,0.0625,269322,269322,54282,54282,54282,1346088,0,0,1346088,268800,0.23785400390625,1.1533191204071045,0.9553669095039368,7.036282062530518,,12.0,
rigl,2,24,12,768,2.2694718837738037,2.326965808868408,0.0625,269322,269322,54282,54282,54282,1346088,0,0,1346088,268800,0.2374267578125,1.1538281440734863,0.9558957815170288,7.036282062530518,,12.0,
rigl,2,26,12,832,2.3033761978149414,2.326085329055786,0.0625,269322,269322,54282,54282,54282,1346088,0,0,1346088,268800,0.2388916015625,1.1535449028015137,0.9556276798248292,7.036691188812256,,15.0,
rigl,2,26,13,832,2.3033761978149414,2.3254711627960205,0.0625,269322,269322,54282,54282,54282,1346088,0,0,1346088,268800,0.23895263671875,1.1529666185379028,0.9547812938690186,7.036691188812256,,15.0,
rigl,2,28,13,896,2.288337469100952,2.3268754482269287,0.0625,269322,269322,54282,54282,54282,1346088,0,0,1346088,268800,0.239990234375,1.153281807899475,0.9549877047538756,7.037021160125732,,15.0,
rigl,2,28,14,896,2.288337469100952,2.3275444507598877,0.0625,269322,269322,54282,54282,54282,1346088,0,0,1346088,268800,0.23883056640625,1.1533446311950684,0.955581784248352,7.037021160125732,,15.0,
rigl,2,30,14,960,2.272679328918457,2.3292713165283203,0.0625,269322,269322,54282,54282,54282,1346088,0,0,1346088,268800,0.241455078125,1.153883695602417,0.95565265417099,7.037389755249023,,18.0,
rigl,2,30,15,960,2.272679328918457,2.3303916454315186,0.0625,269322,269322,54282,54282,54282,1346088,0,0,1346088,268800,0.24176025390625,1.1532888412475586,0.954706609249115,7.037389755249023,,18.0,
rigl,2,32,15,1024,2.2343881130218506,2.3329265117645264,0.0625,269322,269322,54282,54282,54282,1346088,0,0,1346088,268800,0.24334716796875,1.1534932851791382,0.9548185467720032,7.037669658660889,,18.0,
rigl,2,32,16,1024,2.2343881130218506,2.332174777984619,0.0625,269322,269322,54282,54282,54282,1346088,0,0,1346088,268800,0.24224853515625,1.153172254562378,0.954753875732422,7.037669658660889,,18.0,
rigl,2,34,16,1088,2.3244717121124268,2.332502603530884,0.0625,269322,269322,54282,54282,54282,1346088,0,0,1346088,268800,0.24261474609375,1.1534409523010254,0.9547498226165771,7.037894248962402,,18.0,
rigl,2,34,17,1088,2.3244717121124268,2.3322978019714355,0.0625,269322,269322,54282,54282,54282,1346088,0,0,1346088,268800,0.24481201171875,1.1541730165481567,0.9557654857635498,7.037894248962402,,18.0,
rigl,2,36,17,1152,2.255875825881958,2.334846019744873,0.0625,269322,269322,54282,54282,54282,1346088,0,0,1346088,268800,0.246337890625,1.1534373760223389,0.9561534523963928,7.038147449493408,,21.0,
rigl,2,36,18,1152,2.255875825881958,2.333510637283325,0.0625,269322,269322,54282,54282,54282,1346088,0,0,1346088,268800,0.24554443359375,1.152751088142395,0.9550871253013612,7.038147449493408,,21.0,
rigl,2,38,18,1216,2.2665417194366455,2.336482048034668,0.0625,269322,269322,54282,54282,54282,1346088,0,0,1346088,268800,0.245361328125,1.153332233428955,0.9549689292907716,7.03835391998291,,21.0,
rigl,2,38,19,1216,2.2665417194366455,2.3365182876586914,0.0625,269322,269322,54282,54282,54282,1346088,0,0,1346088,268800,0.24591064453125,1.152743220329285,0.954711377620697,7.03835391998291,,21.0,
rigl,2,40,19,1280,2.285029649734497,2.3336379528045654,0.0625,269322,269322,54282,54282,54282,1346088,0,0,1346088,268800,0.24749755859375,1.1535900831222534,0.9543406963348388,7.038601875305176,,24.0,
selective_reset,1,0,0,0,0.0,2.319100856781006,0.0625,269322,269322,54282,54282,54282,1346088,1075200,0,2421288,268800,0.25634765625,1.224684715270996,1.0538675785064695,7.179366588592529,,,0.0
selective_reset,1,2,0,64,2.3000783920288086,2.3249311447143555,0.0625,269322,269322,54282,54282,54282,1346088,1075200,0,2421288,268800,0.2593994140625,1.2243833541870115,1.0536617040634155,7.179014205932617,,,0.0
selective_reset,1,2,1,64,2.3000783920288086,2.3255059719085693,0.0625,269322,269322,54282,54282,54282,1346088,1075200,0,2421288,268800,0.259765625,1.2249349355697632,1.0543608665466309,7.179014205932617,,,0.0
selective_reset,1,4,1,128,2.298370599746704,2.332585334777832,0.0625,269322,269322,54282,54282,54282,1346088,1075200,0,2421288,268800,0.26129150390625,1.2252495288848877,1.0539270639419556,7.179019927978516,,,0.0
selective_reset,1,4,2,128,2.298370599746704,2.332807779312134,0.0625,269322,269322,54282,54282,54282,1346088,1075200,0,2421288,268800,0.26055908203125,1.2247912883758545,1.0534905195236206,7.179019927978516,,,0.0
selective_reset,1,6,2,192,2.2727949619293213,2.3426198959350586,0.0625,269322,269322,54282,54282,54282,1346088,1075200,0,2421288,268800,0.25927734375,1.2282408475875854,1.0509041547775269,7.177347660064697,,,538.0
selective_reset,1,6,3,192,2.2727949619293213,2.341911792755127,0.0625,269322,269322,54282,54282,54282,1346088,1075200,0,2421288,268800,0.25994873046875,1.2281787395477295,1.0507166385650637,7.177347660064697,,,538.0
selective_reset,1,8,3,256,2.2794244289398193,2.349565029144287,0.0625,269322,269322,54282,54282,54282,1346088,1075200,0,2421288,268800,0.26092529296875,1.228946328163147,1.050319790840149,7.177772045135498,,,538.0
selective_reset,1,8,4,256,2.2794244289398193,2.3506479263305664,0.0625,269322,269322,54282,54282,54282,1346088,1075200,0,2421288,268800,0.26031494140625,1.228685736656189,1.0501301288604736,7.177772045135498,,,538.0
selective_reset,1,10,4,320,2.2599918842315674,2.3583879470825195,0.0625,269322,269322,54282,54282,54282,1346088,1075200,0,2421288,268800,0.264404296875,1.2297488451004028,1.0496591329574585,7.178311824798584,,,1076.0
selective_reset,1,10,5,320,2.2599918842315674,2.357003688812256,0.0625,269322,269322,54282,54282,54282,1346088,1075200,0,2421288,268800,0.26446533203125,1.2298245429992676,1.0497558116912842,7.178311824798584,,,1076.0
selective_reset,1,12,5,384,2.2801337242126465,2.364305257797241,0.0625,269322,269322,54282,54282,54282,1346088,1075200,0,2421288,268800,0.2625732421875,1.2309706211090088,1.0491352081298828,7.178880214691162,,,1076.0
selective_reset,1,12,6,384,2.2801337242126465,2.3652591705322266,0.0625,269322,269322,54282,54282,54282,1346088,1075200,0,2421288,268800,0.263671875,1.2332370281219482,1.0508978366851809,7.178880214691162,,,1076.0
selective_reset,1,14,6,448,2.2730069160461426,2.3725955486297607,0.0625,269322,269322,54282,54282,54282,1346088,1075200,0,2421288,268800,0.263427734375,1.2344497442245483,1.0502575635910034,7.1795172691345215,,,1076.0
selective_reset,1,14,7,448,2.2730069160461426,2.3713157176971436,0.0625,269322,269322,54282,54282,54282,1346088,1075200,0,2421288,268800,0.26226806640625,1.2335487604141235,1.049708604812622,7.1795172691345215,,,1076.0
selective_reset,1,16,7,512,2.2242653369903564,2.383121967315674,0.0625,269322,269322,54282,54282,54282,1346088,1075200,0,2421288,268800,0.2537841796875,1.240032196044922,1.0452619791030884,7.184415340423584,,,1614.0
selective_reset,1,16,8,512,2.2242653369903564,2.3819968700408936,0.0625,269322,269322,54282,54282,54282,1346088,1075200,0,2421288,268800,0.2537841796875,1.2380439043045044,1.0435636043548584,7.184415340423584,,,1614.0
selective_reset,1,18,8,576,2.268167495727539,2.3882429599761963,0.0625,269322,269322,54282,54282,54282,1346088,1075200,0,2421288,268800,0.25286865234375,1.239093542098999,1.0430200099945068,7.184967517852783,,,1614.0
selective_reset,1,18,9,576,2.268167495727539,2.3915016651153564,0.0625,269322,269322,54282,54282,54282,1346088,1075200,0,2421288,268800,0.2529296875,1.2404862642288208,1.0442641973495483,7.184967517852783,,,1614.0
selective_reset,1,20,9,640,2.291651487350464,2.3986849784851074,0.0625,269322,269322,54282,54282,54282,1346088,1075200,0,2421288,268800,0.2496337890625,1.2450597286224363,1.041709542274475,7.183516025543213,,,2152.0
selective_reset,1,20,10,640,2.291651487350464,2.396578788757324,0.0625,269322,269322,54282,54282,54282,1346088,1075200,0,2421288,268800,0.25018310546875,1.2444746494293213,1.0412704944610596,7.183516025543213,,,2152.0
selective_reset,1,22,10,704,2.306394100189209,2.4013257026672363,0.0625,269322,269322,54282,54282,54282,1346088,1075200,0,2421288,268800,0.253662109375,1.2452161312103271,1.0409613847732544,7.183955669403076,,,2152.0
selective_reset,1,22,11,704,2.306394100189209,2.402149200439453,0.0625,269322,269322,54282,54282,54282,1346088,1075200,0,2421288,268800,0.2525634765625,1.2442137002944946,1.0399318933486938,7.183955669403076,,,2152.0
selective_reset,1,24,11,768,2.2912473678588867,2.406790256500244,0.0625,269322,269322,54282,54282,54282,1346088,1075200,0,2421288,268800,0.25506591796875,1.244976282119751,1.0396097898483276,7.184405326843262,,,2152.0
selective_reset,1,24,12,768,2.2912473678588867,2.407195806503296,0.0625,269322,269322,54282,54282,54282,1346088,1075200,0,2421288,268800,0.255126953125,1.245732069015503,1.0401198863983154,7.184405326843262,,,2152.0
selective_reset,1,26,12,832,2.1468048095703125,2.412480354309082,0.0625,269322,269322,54282,54282,54282,1346088,1075200,0,2421288,268800,0.252197265625,1.2477872371673584,1.037689447402954,7.188601970672607,,,2690.0
selective_reset,1,26,13,832,2.1468048095703125,2.4122426509857178,0.0625,269322,269322,54282,54282,54282,1346088,1075200,0,2421288,268800,0.25250244140625,1.2481303215026855,1.0380182266235352,7.188601970672607,,,2690.0
selective_reset,1,28,13,896,2.27764630317688,2.4162399768829346,0.0625,269322,269322,54282,54282,54282,1346088,1075200,0,2421288,268800,0.2548828125,1.2487576007843018,1.037774682044983,7.188958168029785,,,2690.0
selective_reset,1,28,14,896,2.27764630317688,2.4157915115356445,0.0625,269322,269322,54282,54282,54282,1346088,1075200,0,2421288,268800,0.253173828125,1.248820424079895,1.0380842685699463,7.188958168029785,,,2690.0
selective_reset,1,30,14,960,2.271494626998902,2.4228081703186035,0.0625,269322,269322,54282,54282,54282,1346088,1075200,0,2421288,268800,0.2530517578125,1.251180648803711,1.0361568927764893,7.189651966094971,,,3228.0
selective_reset,1,30,15,960,2.271494626998902,2.4229371547698975,0.0625,269322,269322,54282,54282,54282,1346088,1075200,0,2421288,268800,0.25311279296875,1.250103235244751,1.0350033044815063,7.189651966094971,,,3228.0
selective_reset,1,32,15,1024,2.2408440113067627,2.4264400005340576,0.0625,269322,269322,54282,54282,54282,1346088,1075200,0,2421288,268800,0.25347900390625,1.2506382465362549,1.034816026687622,7.189983367919922,,,3228.0
selective_reset,1,32,16,1024,2.2408440113067627,2.4263360500335693,0.0625,269322,269322,54282,54282,54282,1346088,1075200,0,2421288,268800,0.2548828125,1.251233458518982,1.0353727340698242,7.189983367919922,,,3228.0
selective_reset,1,34,16,1088,2.1851584911346436,2.4299445152282715,0.0625,269322,269322,54282,54282,54282,1346088,1075200,0,2421288,268800,0.25433349609375,1.251736044883728,1.0351576805114746,7.190311431884766,,,3228.0
selective_reset,1,34,17,1088,2.1851584911346436,2.429318904876709,0.0625,269322,269322,54282,54282,54282,1346088,1075200,0,2421288,268800,0.2528076171875,1.2513914108276367,1.0349314212799072,7.190311431884766,,,3228.0
selective_reset,1,36,17,1152,2.236964225769043,2.4312031269073486,0.0625,269322,269322,54282,54282,54282,1346088,1075200,0,2421288,268800,0.2509765625,1.2538373470306396,1.0332398414611816,7.1870503425598145,,,3766.0
selective_reset,1,36,18,1152,2.236964225769043,2.4327330589294434,0.0625,269322,269322,54282,54282,54282,1346088,1075200,0,2421288,268800,0.25201416015625,1.254566669464111,1.0340536832809448,7.1870503425598145,,,3766.0
selective_reset,1,38,18,1216,2.247187376022339,2.4345595836639404,0.0625,269322,269322,54282,54282,54282,1346088,1075200,0,2421288,268800,0.25335693359375,1.2548580169677734,1.0339791774749756,7.187258720397949,,,3766.0
selective_reset,1,38,19,1216,2.247187376022339,2.4345314502716064,0.0625,269322,269322,54282,54282,54282,1346088,1075200,0,2421288,268800,0.25244140625,1.2545979022979736,1.0333539247512815,7.187258720397949,,,3766.0
selective_reset,1,40,19,1280,2.2612662315368652,2.437004566192627,0.0625,269322,269322,54282,54282,54282,1346088,1075200,0,2421288,268800,0.24755859375,1.2581707239151,1.030691623687744,7.188138961791992,,,4304.0
selective_reset,2,0,0,0,0.0,2.311848402023315,0.125,269322,269322,54282,54282,54282,1346088,1075200,0,2421288,268800,0.2200927734375,1.244804620742798,1.034400463104248,7.171363830566406,,,0.0
selective_reset,2,2,0,64,2.315915584564209,2.31099009513855,0.03125,269322,269322,54282,54282,54282,1346088,1075200,0,2421288,268800,0.22296142578125,1.2445448637008667,1.0346041917800903,7.171252250671387,,,0.0
selective_reset,2,2,1,64,2.315915584564209,2.3107008934020996,0.03125,269322,269322,54282,54282,54282,1346088,1075200,0,2421288,268800,0.2222900390625,1.245548129081726,1.035439372062683,7.171252250671387,,,0.0
selective_reset,2,4,1,128,2.2965288162231445,2.311082124710083,0.03125,269322,269322,54282,54282,54282,1346088,1075200,0,2421288,268800,0.2249755859375,1.2455390691757202,1.0356147289276123,7.171339511871338,,,0.0
selective_reset,2,4,2,128,2.2965288162231445,2.311399459838867,0.03125,269322,269322,54282,54282,54282,1346088,1075200,0,2421288,268800,0.2254638671875,1.2447178363800049,1.0351001024246216,7.171339511871338,,,0.0
selective_reset,2,6,2,192,2.286868095397949,2.3132758140563965,0.0625,269322,269322,54282,54282,54282,1346088,1075200,0,2421288,268800,0.21771240234375,1.2486450672149658,1.0314269065856934,7.177984237670898,,,538.0
selective_reset,2,6,3,192,2.286868095397949,2.31334924697876,0.03125,269322,269322,54282,54282,54282,1346088,1075200,0,2421288,268800,0.2159423828125,1.2473207712173462,1.0303159952163696,7.177984237670898,,,538.0
selective_reset,2,8,3,256,2.291520357131958,2.3142647743225098,0.03125,269322,269322,54282,54282,54282,1346088,1075200,0,2421288,268800,0.21673583984375,1.247779369354248,1.0302585363388062,7.178360939025879,,,538.0
selective_reset,2,8,4,256,2.291520357131958,2.314286947250366,0.0625,269322,269322,54282,54282,54282,1346088,1075200,0,2421288,268800,0.21856689453125,1.2488551139831543,1.0311627388000488,7.178360939025879,,,538.0
selective_reset,2,10,4,320,2.282521963119507,2.312537908554077,0.0625,269322,269322,54282,54282,54282,1346088,1075200,0,2421288,268800,0.220703125,1.250663161277771,1.030035376548767,7.178710460662842,,,1076.0
selective_reset,2,10,5,320,2.282521963119507,2.3113415241241455,0.0625,269322,269322,54282,54282,54282,1346088,1075200,0,2421288,268800,0.220458984375,1.2505743503570557,1.0295566320419312,7.178710460662842,,,1076.0
selective_reset,2,12,5,384,2.268723487854004,2.31353759765625,0.0625,269322,269322,54282,54282,54282,1346088,1075200,0,2421288,268800,0.22283935546875,1.2511646747589111,1.02948260307312,7.1791815757751465,,,1076.0
selective_reset,2,12,6,384,2.268723487854004,2.31518292427063,0.0625,269322,269322,54282,54282,54282,1346088,1075200,0,2421288,268800,0.22247314453125,1.2510817050933838,1.0296844244003296,7.1791815757751465,,,1076.0
selective_reset,2,14,6,448,2.2734365463256836,2.317291498184204,0.0625,269322,269322,54282,54282,54282,1346088,1075200,0,2421288,268800,0.2232666015625,1.2515671253204346,1.0296690464019775,7.179593563079834,,,1076.0
selective_reset,2,14,7,448,2.2734365463256836,2.3166301250457764,0.0625,269322,269322,54282,54282,54282,1346088,1075200,0,2421288,268800,0.2235107421875,1.2515400648117063,1.0296601057052612,7.179593563079834,,,1076.0
selective_reset,2,16,7,512,2.2722201347351074,2.3211636543273926,0.0625,269322,269322,54282,54282,54282,1346088,1075200,0,2421288,268800,0.21295166015625,1.255936861038208,1.0257648229599,7.182222843170166,,,1614.0
selective_reset,2,16,8,512,2.2722201347351074,2.320489406585694,0.0625,269322,269322,54282,54282,54282,1346088,1075200,0,2421288,268800,0.21295166015625,1.2561380863189695,1.0259939432144165,7.182222843170166,,,1614.0
selective_reset,2,18,8,576,2.270689010620117,2.3220911026000977,0.0625,269322,269322,54282,54282,54282,1346088,1075200,0,2421288,268800,0.21551513671875,1.2565702199935913,1.0260281562805176,7.182613372802734,,,1614.0
selective_reset,2,18,9,576,2.270689010620117,2.322639226913452,0.0625,269322,269322,54282,54282,54282,1346088,1075200,0,2421288,268800,0.216796875,1.2556757926940918,1.0256794691085815,7.182613372802734,,,1614.0
selective_reset,2,20,9,640,2.2820043563842773,2.329866647720337,0.0625,269322,269322,54282,54282,54282,1346088,1075200,0,2421288,268800,0.21368408203125,1.2572596073150637,1.0249003171920776,7.184866905212402,,,2152.0
selective_reset,2,20,10,640,2.2820043563842773,2.3309929370880127,0.0625,269322,269322,54282,54282,54282,1346088,1075200,0,2421288,268800,0.21282958984375,1.257756233215332,1.0247794389724731,7.184866905212402,,,2152.0
selective_reset,2,22,10,704,2.253861665725708,2.3318357467651367,0.0625,269322,269322,54282,54282,54282,1346088,1075200,0,2421288,268800,0.21331787109375,1.2582682371139526,1.024735689163208,7.1852946281433105,,,2152.0
selective_reset,2,22,11,704,2.253861665725708,2.3303568363189697,0.0625,269322,269322,54282,54282,54282,1346088,1075200,0,2421288,268800,0.2137451171875,1.258951187133789,1.0254136323928833,7.1852946281433105,,,2152.0
selective_reset,2,24,11,768,2.2556984424591064,2.3314385414123535,0.0625,269322,269322,54282,54282,54282,1346088,1075200,0,2421288,268800,0.21337890625,1.2593787908554075,1.0253961086273191,7.185651779174805,,,2152.0
selective_reset,2,24,12,768,2.2556984424591064,2.3322272300720215,0.0625,269322,269322,54282,54282,54282,1346088,1075200,0,2421288,268800,0.2137451171875,1.260106325149536,1.025896072387695,7.185651779174805,,,2152.0
selective_reset,2,26,12,832,2.298919916152954,2.3355329036712646,0.0625,269322,269322,54282,54282,54282,1346088,1075200,0,2421288,268800,0.20233154296875,1.2658202648162842,1.0207477807998655,7.186405181884766,,,2690.0
selective_reset,2,26,13,832,2.298919916152954,2.334169626235962,0.0625,269322,269322,54282,54282,54282,1346088,1075200,0,2421288,268800,0.20306396484375,1.2652760744094849,1.0200241804122925,7.186405181884766,,,2690.0
selective_reset,2,28,13,896,2.2786402702331543,2.334425449371338,0.0625,269322,269322,54282,54282,54282,1346088,1075200,0,2421288,268800,0.20428466796875,1.265511155128479,1.0200752019882202,7.186654090881348,,,2690.0
selective_reset,2,28,14,896,2.2786402702331543,2.335482358932495,0.0625,269322,269322,54282,54282,54282,1346088,1075200,0,2421288,268800,0.2021484375,1.265600085258484,1.0207208395004272,7.186654090881348,,,2690.0
selective_reset,2,30,14,960,2.274909257888794,2.332449197769165,0.0625,269322,269322,54282,54282,54282,1346088,1075200,0,2421288,268800,0.19512939453125,1.2711299657821655,1.0162816047668457,7.191928863525391,,,3228.0
selective_reset,2,30,15,960,2.274909257888794,2.333272933959961,0.0625,269322,269322,54282,54282,54282,1346088,1075200,0,2421288,268800,0.19561767578125,1.2703149318695068,1.0152086019515991,7.191928863525391,,,3228.0
selective_reset,2,32,15,1024,2.2289505004882812,2.3349783420562744,0.0625,269322,269322,54282,54282,54282,1346088,1075200,0,2421288,268800,0.196533203125,1.2704660892486572,1.0153063535690308,7.192104816436768,,,3228.0
selective_reset,2,32,16,1024,2.2289505004882812,2.333916425704956,0.0625,269322,269322,54282,54282,54282,1346088,1075200,0,2421288,268800,0.19561767578125,1.2704625129699707,1.0153415203094482,7.192104816436768,,,3228.0
selective_reset,2,34,16,1088,2.3287315368652344,2.3343656063079834,0.0625,269322,269322,54282,54282,54282,1346088,1075200,0,2421288,268800,0.1968994140625,1.2705645561218262,1.015430927276611,7.192245006561279,,,3228.0
selective_reset,2,34,17,1088,2.3287315368652344,2.334165573120117,0.0625,269322,269322,54282,54282,54282,1346088,1075200,0,2421288,268800,0.19805908203125,1.2711504697799685,1.0163911581039429,7.192245006561279,,,3228.0
selective_reset,2,36,17,1152,2.247030019760132,2.3350422382354736,0.0625,269322,269322,54282,54282,54282,1346088,1075200,0,2421288,268800,0.19488525390625,1.2709749937057495,1.016032338142395,7.191953182220459,,,3766.0
selective_reset,2,36,18,1152,2.247030019760132,2.3347036838531494,0.0625,269322,269322,54282,54282,54282,1346088,1075200,0,2421288,268800,0.19476318359375,1.2701681852340698,1.0149545669555664,7.191953182220459,,,3766.0
selective_reset,2,38,18,1216,2.254162073135376,2.3362207412719727,0.0625,269322,269322,54282,54282,54282,1346088,1075200,0,2421288,268800,0.19427490234375,1.2702704668045044,1.0150452852249146,7.192106246948242,,,3766.0
selective_reset,2,38,19,1216,2.254162073135376,2.335808277130127,0.0625,269322,269322,54282,54282,54282,1346088,1075200,0,2421288,268800,0.19390869140625,1.2695828676223757,1.014657497406006,7.192106246948242,,,3766.0
selective_reset,2,40,19,1280,2.2883431911468506,2.3392345905303955,0.0625,269322,269322,54282,54282,54282,1346088,1075200,0,2421288,268800,0.19586181640625,1.2693986892700195,1.015153408050537,7.193966388702393,,,4304.0
static_dense,1,0,0,0,0.0,2.3234076499938965,0.09375,269322,269322,269322,269322,269322,1077288,0,0,1077288,268800,0.48760986328125,0.107048787176609,0.1668099462985992,13.18776512145996,,,
static_dense,1,2,0,64,2.289238691329956,2.326953172683716,0.0625,269322,269322,269322,269322,269322,1077288,0,0,1077288,268800,0.48931884765625,0.1064230725169181,0.1666050404310226,13.187719345092772,,,
static_dense,1,2,1,64,2.289238691329956,2.325716733932495,0.0625,269322,269322,269322,269322,269322,1077288,0,0,1077288,268800,0.49017333984375,0.1066330224275589,0.166789248585701,13.187719345092772,,,
static_dense,1,4,1,128,2.2928171157836914,2.329148530960083,0.03125,269322,269322,269322,269322,269322,1077288,0,0,1077288,268800,0.49127197265625,0.1067051962018013,0.1674267798662185,13.1878080368042,,,
static_dense,1,4,2,128,2.2928171157836914,2.331177234649658,0.03125,269322,269322,269322,269322,269322,1077288,0,0,1077288,268800,0.49169921875,0.1049151197075843,0.1657167077064514,13.1878080368042,,,
static_dense,1,6,2,192,2.274874210357666,2.334951877593994,0.03125,269322,269322,269322,269322,269322,1077288,0,0,1077288,268800,0.49383544921875,0.1055988073348999,0.1672961264848709,13.187908172607422,,,
static_dense,1,6,3,192,2.274874210357666,2.338486671447754,0.03125,269322,269322,269322,269322,269322,1077288,0,0,1077288,268800,0.49005126953125,0.1064316183328628,0.1667890101671219,13.187908172607422,,,
static_dense,1,8,3,256,2.2828989028930664,2.341808557510376,0.03125,269322,269322,269322,269322,269322,1077288,0,0,1077288,268800,0.49072265625,0.1072665899991989,0.16843082010746,13.188091278076172,,,
static_dense,1,8,4,256,2.2828989028930664,2.3335862159729004,0.0625,269322,269322,269322,269322,269322,1077288,0,0,1077288,268800,0.49365234375,0.1063107699155807,0.1673534959554672,13.188091278076172,,,
static_dense,1,10,4,320,2.2759854793548584,2.3377223014831543,0.03125,269322,269322,269322,269322,269322,1077288,0,0,1077288,268800,0.496826171875,0.1076194122433662,0.1697385162115097,13.188304901123049,,,
static_dense,1,10,5,320,2.2759854793548584,2.344956636428833,0.0625,269322,269322,269322,269322,269322,1077288,0,0,1077288,268800,0.4942626953125,0.1089423820376396,0.1704010814428329,13.188304901123049,,,
static_dense,1,12,5,384,2.281898498535156,2.3498520851135254,0.0625,269322,269322,269322,269322,269322,1077288,0,0,1077288,268800,0.49420166015625,0.1105429455637931,0.1729822009801864,13.188596725463867,,,
static_dense,1,12,6,384,2.281898498535156,2.3452298641204834,0.03125,269322,269322,269322,269322,269322,1077288,0,0,1077288,268800,0.49298095703125,0.1113872826099395,0.1740103065967559,13.188596725463867,,,
static_dense,1,14,6,448,2.283224582672119,2.35066556930542,0.03125,269322,269322,269322,269322,269322,1077288,0,0,1077288,268800,0.49151611328125,0.1131343096494674,0.176502987742424,13.188882827758787,,,
static_dense,1,14,7,448,2.283224582672119,2.3539938926696777,0.0625,269322,269322,269322,269322,269322,1077288,0,0,1077288,268800,0.49468994140625,0.1130793467164039,0.1781668365001678,13.188882827758787,,,
static_dense,1,16,7,512,2.246814489364624,2.3591434955596924,0.0625,269322,269322,269322,269322,269322,1077288,0,0,1077288,268800,0.49652099609375,0.1147511675953865,0.1810676902532577,13.189168930053713,,,
static_dense,1,16,8,512,2.246814489364624,2.363490343093872,0.03125,269322,269322,269322,269322,269322,1077288,0,0,1077288,268800,0.4957275390625,0.1142201721668243,0.1802255511283874,13.189168930053713,,,
static_dense,1,18,8,576,2.260258913040161,2.368809938430786,0.03125,269322,269322,269322,269322,269322,1077288,0,0,1077288,268800,0.49554443359375,0.1162912249565124,0.1833138316869735,13.189544677734377,,,
static_dense,1,18,9,576,2.260258913040161,2.3630571365356445,0.0625,269322,269322,269322,269322,269322,1077288,0,0,1077288,268800,0.49517822265625,0.1158814877271652,0.181746020913124,13.189544677734377,,,
static_dense,1,20,9,640,2.2843503952026367,2.368435859680176,0.0625,269322,269322,269322,269322,269322,1077288,0,0,1077288,268800,0.49664306640625,0.1174330413341522,0.1848213225603103,13.189865112304688,,,
static_dense,1,20,10,640,2.2843503952026367,2.3670144081115723,0.03125,269322,269322,269322,269322,269322,1077288,0,0,1077288,268800,0.49871826171875,0.116699531674385,0.1843340396881103,13.189865112304688,,,
static_dense,1,22,10,704,2.293423652648926,2.3723044395446777,0.0,269322,269322,269322,269322,269322,1077288,0,0,1077288,268800,0.50140380859375,0.118426389992237,0.1873406022787094,13.190150260925291,,,
static_dense,1,22,11,704,2.293423652648926,2.376117467880249,0.03125,269322,269322,269322,269322,269322,1077288,0,0,1077288,268800,0.50225830078125,0.1182906106114387,0.188366413116455,13.190150260925291,,,
static_dense,1,24,11,768,2.2838377952575684,2.381889820098877,0.03125,269322,269322,269322,269322,269322,1077288,0,0,1077288,268800,0.50164794921875,0.1206073015928268,0.1914823055267334,13.190476417541504,,,
static_dense,1,24,12,768,2.2838377952575684,2.375999689102173,0.03125,269322,269322,269322,269322,269322,1077288,0,0,1077288,268800,0.50262451171875,0.1210664585232734,0.1923518031835556,13.190476417541504,,,
static_dense,1,26,12,832,2.1733646392822266,2.3824303150177,0.03125,269322,269322,269322,269322,269322,1077288,0,0,1077288,268800,0.5047607421875,0.1229118108749389,0.1953667402267456,13.190817832946776,,,
static_dense,1,26,13,832,2.1733646392822266,2.3871309757232666,0.09375,269322,269322,269322,269322,269322,1077288,0,0,1077288,268800,0.50048828125,0.1225754618644714,0.1938324272632599,13.190817832946776,,,
static_dense,1,28,13,896,2.2711856365203857,2.39324951171875,0.09375,269322,269322,269322,269322,269322,1077288,0,0,1077288,268800,0.50262451171875,0.1245936453342437,0.1967324912548065,13.191198348999023,,,
static_dense,1,28,14,896,2.2711856365203857,2.3959708213806152,0.0,269322,269322,269322,269322,269322,1077288,0,0,1077288,268800,0.4993896484375,0.1240164414048194,0.1971665769815445,13.191198348999023,,,
static_dense,1,30,14,960,2.2721540927886963,2.401111364364624,0.03125,269322,269322,269322,269322,269322,1077288,0,0,1077288,268800,0.49871826171875,0.1255112290382385,0.1997741013765335,13.191484451293944,,,
static_dense,1,30,15,960,2.2721540927886963,2.3936357498168945,0.0625,269322,269322,269322,269322,269322,1077288,0,0,1077288,268800,0.50537109375,0.1245288103818893,0.1971672922372818,13.191484451293944,,,
static_dense,1,32,15,1024,2.239990234375,2.3986291885375977,0.0625,269322,269322,269322,269322,269322,1077288,0,0,1077288,268800,0.5081787109375,0.1260819435119629,0.1999024748802185,13.191816329956056,,,
static_dense,1,32,16,1024,2.239990234375,2.402682065963745,0.0625,269322,269322,269322,269322,269322,1077288,0,0,1077288,268800,0.50091552734375,0.1276558339595794,0.2011055499315261,13.191816329956056,,,
static_dense,1,34,16,1088,2.1881091594696045,2.408278226852417,0.0625,269322,269322,269322,269322,269322,1077288,0,0,1077288,268800,0.5,0.1294434368610382,0.2035846412181854,13.192160606384276,,,
static_dense,1,34,17,1088,2.1881091594696045,2.3990602493286133,0.0625,269322,269322,269322,269322,269322,1077288,0,0,1077288,268800,0.4998779296875,0.1288091838359832,0.2035528719425201,13.192160606384276,,,
static_dense,1,36,17,1152,2.237870216369629,2.4039759635925293,0.03125,269322,269322,269322,269322,269322,1077288,0,0,1077288,268800,0.50042724609375,0.1302167624235153,0.2058290541172027,13.192439079284668,,,
static_dense,1,36,18,1152,2.237870216369629,2.4127674102783203,0.0625,269322,269322,269322,269322,269322,1077288,0,0,1077288,268800,0.505615234375,0.1317609250545501,0.2091002166271209,13.192439079284668,,,
static_dense,1,38,18,1216,2.2414472103118896,2.417066812515259,0.0625,269322,269322,269322,269322,269322,1077288,0,0,1077288,268800,0.50445556640625,0.1333220601081848,0.2114041745662689,13.192699432373049,,,
static_dense,1,38,19,1216,2.2414472103118896,2.411353588104248,0.0625,269322,269322,269322,269322,269322,1077288,0,0,1077288,268800,0.501953125,0.1330465674400329,0.2100000232458114,13.192699432373049,,,
static_dense,1,40,19,1280,2.2561936378479004,2.4152841567993164,0.0625,269322,269322,269322,269322,269322,1077288,0,0,1077288,268800,0.5032958984375,0.1343605518341064,0.2116823196411132,13.192882537841797,,,
static_dense,2,0,0,0,0.0,2.3118481636047363,0.0625,269322,269322,269322,269322,269322,1077288,0,0,1077288,268800,0.51898193359375,0.0918081179261207,0.1538881510496139,13.212302207946776,,,
static_dense,2,2,0,64,2.313129186630249,2.310760498046875,0.15625,269322,269322,269322,269322,269322,1077288,0,0,1077288,268800,0.5181884765625,0.0911494493484497,0.1530776768922805,13.21218204498291,,,
static_dense,2,2,1,64,2.313129186630249,2.3120620250701904,0.09375,269322,269322,269322,269322,269322,1077288,0,0,1077288,268800,0.51641845703125,0.0937529578804969,0.155480220913887,13.21218204498291,,,
static_dense,2,4,1,128,2.326960563659668,2.311406135559082,0.1875,269322,269322,269322,269322,269322,1077288,0,0,1077288,268800,0.51727294921875,0.0928803086280822,0.1549536138772964,13.21205234527588,,,
static_dense,2,4,2,128,2.326960563659668,2.316257953643799,0.0625,269322,269322,269322,269322,269322,1077288,0,0,1077288,268800,0.52349853515625,0.090839110314846,0.1539378464221954,13.21205234527588,,,
static_dense,2,6,2,192,2.3021557331085205,2.3164844512939453,0.0625,269322,269322,269322,269322,269322,1077288,0,0,1077288,268800,0.52593994140625,0.0903512239456176,0.1541266143321991,13.212058067321776,,,
static_dense,2,6,3,192,2.3021557331085205,2.3142213821411133,0.09375,269322,269322,269322,269322,269322,1077288,0,0,1077288,268800,0.5284423828125,0.0908783376216888,0.1549340635538101,13.212058067321776,,,
static_dense,2,8,3,256,2.301309108734131,2.314359426498413,0.03125,269322,269322,269322,269322,269322,1077288,0,0,1077288,268800,0.528076171875,0.0907305479049682,0.1551892310380935,13.212072372436523,,,
static_dense,2,8,4,256,2.301309108734131,2.318477153778076,0.0625,269322,269322,269322,269322,269322,1077288,0,0,1077288,268800,0.52117919921875,0.0908677726984024,0.1548232287168502,13.212072372436523,,,
static_dense,2,10,4,320,2.2964820861816406,2.3184940814971924,0.03125,269322,269322,269322,269322,269322,1077288,0,0,1077288,268800,0.522216796875,0.0912174507975578,0.1558152884244918,13.21214199066162,,,
static_dense,2,10,5,320,2.2964820861816406,2.3202872276306152,0.03125,269322,269322,269322,269322,269322,1077288,0,0,1077288,268800,0.52740478515625,0.091337502002716,0.1555063873529434,13.21214199066162,,,
static_dense,2,12,5,384,2.2902309894561768,2.320669174194336,0.03125,269322,269322,269322,269322,269322,1077288,0,0,1077288,268800,0.53009033203125,0.0917352437973022,0.1565862298011779,13.212181091308594,,,
static_dense,2,12,6,384,2.2902309894561768,2.3176229000091553,0.03125,269322,269322,269322,269322,269322,1077288,0,0,1077288,268800,0.5260009765625,0.0913527086377143,0.1569359302520752,13.212181091308594,,,
static_dense,2,14,6,448,2.2973473072052,2.3175199031829834,0.03125,269322,269322,269322,269322,269322,1077288,0,0,1077288,268800,0.52825927734375,0.0920937359333038,0.1584646701812744,13.212364196777344,,,
static_dense,2,14,7,448,2.2973473072052,2.3098599910736084,0.0625,269322,269322,269322,269322,269322,1077288,0,0,1077288,268800,0.5267333984375,0.0918227136135101,0.1574826389551162,13.212364196777344,,,
static_dense,2,16,7,512,2.293381929397583,2.310058832168579,0.0625,269322,269322,269322,269322,269322,1077288,0,0,1077288,268800,0.52752685546875,0.0927783325314521,0.159052163362503,13.212491035461426,,,
static_dense,2,16,8,512,2.293381929397583,2.3104419708251953,0.0625,269322,269322,269322,269322,269322,1077288,0,0,1077288,268800,0.53070068359375,0.0926190242171287,0.1591600775718689,13.212491035461426,,,
static_dense,2,18,8,576,2.2760009765625,2.3111658096313477,0.0625,269322,269322,269322,269322,269322,1077288,0,0,1077288,268800,0.532958984375,0.0936163812875747,0.1610121428966522,13.212661743164062,,,
static_dense,2,18,9,576,2.2760009765625,2.3257758617401123,0.0625,269322,269322,269322,269322,269322,1077288,0,0,1077288,268800,0.530029296875,0.0932632908225059,0.1609151810407638,13.212661743164062,,,
static_dense,2,20,9,640,2.2890257835388184,2.3266870975494385,0.0625,269322,269322,269322,269322,269322,1077288,0,0,1077288,268800,0.53253173828125,0.094269260764122,0.1630655080080032,13.2128267288208,,,
static_dense,2,20,10,640,2.2890257835388184,2.318037748336792,0.0625,269322,269322,269322,269322,269322,1077288,0,0,1077288,268800,0.53314208984375,0.0940721333026886,0.1623674035072326,13.2128267288208,,,
static_dense,2,22,10,704,2.273150682449341,2.31884503364563,0.0625,269322,269322,269322,269322,269322,1077288,0,0,1077288,268800,0.53399658203125,0.0950581058859825,0.1642341464757919,13.213024139404297,,,
static_dense,2,22,11,704,2.273150682449341,2.3191564083099365,0.0625,269322,269322,269322,269322,269322,1077288,0,0,1077288,268800,0.5352783203125,0.0966405123472213,0.1675429493188858,13.213024139404297,,,
static_dense,2,24,11,768,2.276360511779785,2.320143222808838,0.0625,269322,269322,269322,269322,269322,1077288,0,0,1077288,268800,0.53582763671875,0.0978090465068817,0.1697693765163421,13.213234901428224,,,
static_dense,2,24,12,768,2.276360511779785,2.315908193588257,0.0625,269322,269322,269322,269322,269322,1077288,0,0,1077288,268800,0.53350830078125,0.0978917181491851,0.1683899462223053,13.213234901428224,,,
static_dense,2,26,12,832,2.2908196449279785,2.3174853324890137,0.0625,269322,269322,269322,269322,269322,1077288,0,0,1077288,268800,0.53326416015625,0.0994518250226974,0.1708969622850418,13.213492393493652,,,
static_dense,2,26,13,832,2.2908196449279785,2.3158671855926514,0.0625,269322,269322,269322,269322,269322,1077288,0,0,1077288,268800,0.5338134765625,0.0983073264360427,0.1686187982559204,13.213492393493652,,,
static_dense,2,28,13,896,2.2898733615875244,2.317695379257202,0.0625,269322,269322,269322,269322,269322,1077288,0,0,1077288,268800,0.535888671875,0.0992690697312355,0.1709272414445877,13.213665008544922,,,
static_dense,2,28,14,896,2.2898733615875244,2.316053867340088,0.0625,269322,269322,269322,269322,269322,1077288,0,0,1077288,268800,0.53826904296875,0.1007310003042221,0.173955887556076,13.213665008544922,,,
static_dense,2,30,14,960,2.272573709487915,2.3174800872802734,0.0625,269322,269322,269322,269322,269322,1077288,0,0,1077288,268800,0.538818359375,0.102114237844944,0.1764228343963623,13.213899612426758,,,
static_dense,2,30,15,960,2.272573709487915,2.3253138065338135,0.0625,269322,269322,269322,269322,269322,1077288,0,0,1077288,268800,0.54254150390625,0.1018948704004287,0.1768275201320648,13.213899612426758,,,
static_dense,2,32,15,1024,2.2447240352630615,2.32641863822937,0.0625,269322,269322,269322,269322,269322,1077288,0,0,1077288,268800,0.54302978515625,0.1034199744462966,0.1792131960391998,13.21409511566162,,,
static_dense,2,32,16,1024,2.2447240352630615,2.322899580001831,0.0625,269322,269322,269322,269322,269322,1077288,0,0,1077288,268800,0.53936767578125,0.1027634590864181,0.1770740300416946,13.21409511566162,,,
static_dense,2,34,16,1088,2.313203811645508,2.3236122131347656,0.0625,269322,269322,269322,269322,269322,1077288,0,0,1077288,268800,0.5400390625,0.1040850803256034,0.1792682558298111,13.21433162689209,,,
static_dense,2,34,17,1088,2.313203811645508,2.325564384460449,0.0625,269322,269322,269322,269322,269322,1077288,0,0,1077288,268800,0.54278564453125,0.1040129512548446,0.1811562329530716,13.21433162689209,,,
static_dense,2,36,17,1152,2.2598249912261963,2.3269948959350586,0.0625,269322,269322,269322,269322,269322,1077288,0,0,1077288,268800,0.540771484375,0.105256401002407,0.1829649209976196,13.21456813812256,,,
static_dense,2,36,18,1152,2.2598249912261963,2.3284029960632324,0.0625,269322,269322,269322,269322,269322,1077288,0,0,1077288,268800,0.5423583984375,0.1053085103631019,0.1818457096815109,13.21456813812256,,,
static_dense,2,38,18,1216,2.253880023956299,2.330270290374756,0.0625,269322,269322,269322,269322,269322,1077288,0,0,1077288,268800,0.54217529296875,0.1064213961362838,0.1839341819286346,13.2147798538208,,,
static_dense,2,38,19,1216,2.253880023956299,2.326580286026001,0.0625,269322,269322,269322,269322,269322,1077288,0,0,1077288,268800,0.54119873046875,0.1071002483367919,0.1847071945667266,13.2147798538208,,,
static_dense,2,40,19,1280,2.2875585556030273,2.328105926513672,0.0625,269322,269322,269322,269322,269322,1077288,0,0,1077288,268800,0.54083251953125,0.1084704846143722,0.1867272704839706,13.21500015258789,,,
static_sparse,1,0,0,0,0.0,2.319100856781006,0.0625,269322,269322,54282,54282,54282,1346088,0,0,1346088,268800,0.25634765625,1.224684715270996,1.0538675785064695,7.179366588592529,,,
static_sparse,1,2,0,64,2.3000783920288086,2.3249311447143555,0.0625,269322,269322,54282,54282,54282,1346088,0,0,1346088,268800,0.2593994140625,1.2243833541870115,1.0536617040634155,7.179014205932617,,,
static_sparse,1,2,1,64,2.3000783920288086,2.3255059719085693,0.0625,269322,269322,54282,54282,54282,1346088,0,0,1346088,268800,0.259765625,1.2249349355697632,1.0543608665466309,7.179014205932617,,,
static_sparse,1,4,1,128,2.298370599746704,2.332585334777832,0.0625,269322,269322,54282,54282,54282,1346088,0,0,1346088,268800,0.26129150390625,1.2252495288848877,1.0539270639419556,7.179019927978516,,,
static_sparse,1,4,2,128,2.298370599746704,2.332807779312134,0.0625,269322,269322,54282,54282,54282,1346088,0,0,1346088,268800,0.26055908203125,1.2247912883758545,1.0534905195236206,7.179019927978516,,,
static_sparse,1,6,2,192,2.271949052810669,2.34023118019104,0.0625,269322,269322,54282,54282,54282,1346088,0,0,1346088,268800,0.26312255859375,1.2252081632614136,1.0532402992248535,7.179227828979492,,,
static_sparse,1,6,3,192,2.271949052810669,2.339590311050415,0.0625,269322,269322,54282,54282,54282,1346088,0,0,1346088,268800,0.26385498046875,1.225169062614441,1.0530287027359009,7.179227828979492,,,
static_sparse,1,8,3,256,2.2790844440460205,2.347219467163086,0.0625,269322,269322,54282,54282,54282,1346088,0,0,1346088,268800,0.26446533203125,1.225906491279602,1.0526471138000488,7.179635047912598,,,
static_sparse,1,8,4,256,2.2790844440460205,2.348262310028076,0.0625,269322,269322,54282,54282,54282,1346088,0,0,1346088,268800,0.26409912109375,1.2255959510803225,1.0525153875350952,7.179635047912598,,,
static_sparse,1,10,4,320,2.2593045234680176,2.3559839725494385,0.0625,269322,269322,54282,54282,54282,1346088,0,0,1346088,268800,0.2664794921875,1.22654128074646,1.052040457725525,7.180145263671875,,,
static_sparse,1,10,5,320,2.2593045234680176,2.3546743392944336,0.0625,269322,269322,54282,54282,54282,1346088,0,0,1346088,268800,0.26641845703125,1.2266504764556885,1.0521129369735718,7.180145263671875,,,
static_sparse,1,12,5,384,2.2785351276397705,2.362018346786499,0.0625,269322,269322,54282,54282,54282,1346088,0,0,1346088,268800,0.26470947265625,1.2277882099151611,1.0514929294586182,7.180700302124023,,,
static_sparse,1,12,6,384,2.2785351276397705,2.36294937133789,0.0625,269322,269322,54282,54282,54282,1346088,0,0,1346088,268800,0.26593017578125,1.2300434112548828,1.0532630681991575,7.180700302124023,,,
static_sparse,1,14,6,448,2.2703616619110107,2.3703293800354004,0.0625,269322,269322,54282,54282,54282,1346088,0,0,1346088,268800,0.2655029296875,1.2312333583831787,1.05264151096344,7.181327819824219,,,
static_sparse,1,14,7,448,2.2703616619110107,2.368945837020874,0.0625,269322,269322,54282,54282,54282,1346088,0,0,1346088,268800,0.2642822265625,1.2302820682525637,1.0521259307861328,7.181327819824219,,,
static_sparse,1,16,7,512,2.226552248001098,2.376577377319336,0.0625,269322,269322,54282,54282,54282,1346088,0,0,1346088,268800,0.26312255859375,1.2314867973327637,1.0515415668487549,7.181975364685059,,,
static_sparse,1,16,8,512,2.226552248001098,2.3757336139678955,0.0625,269322,269322,54282,54282,54282,1346088,0,0,1346088,268800,0.26300048828125,1.229580998420715,1.0497877597808838,7.181975364685059,,,
static_sparse,1,18,8,576,2.262056827545166,2.3826770782470703,0.0625,269322,269322,54282,54282,54282,1346088,0,0,1346088,268800,0.26214599609375,1.2306889295578003,1.0492737293243408,7.182591438293457,,,
static_sparse,1,18,9,576,2.262056827545166,2.385450839996338,0.0625,269322,269322,54282,54282,54282,1346088,0,0,1346088,268800,0.2625732421875,1.2320387363433838,1.0505638122558594,7.182591438293457,,,
static_sparse,1,20,9,640,2.282081365585327,2.3919405937194824,0.0625,269322,269322,54282,54282,54282,1346088,0,0,1346088,268800,0.2640380859375,1.2329490184783936,1.0502231121063232,7.18315315246582,,,
static_sparse,1,20,10,640,2.282081365585327,2.3903329372406006,0.0625,269322,269322,54282,54282,54282,1346088,0,0,1346088,268800,0.26422119140625,1.2323884963989258,1.0497475862503052,7.18315315246582,,,
static_sparse,1,22,10,704,2.2996442317962646,2.396036386489868,0.0625,269322,269322,54282,54282,54282,1346088,0,0,1346088,268800,0.26776123046875,1.2331840991973877,1.0494718551635742,7.183655738830566,,,
static_sparse,1,22,11,704,2.2996442317962646,2.3967642784118652,0.0625,269322,269322,54282,54282,54282,1346088,0,0,1346088,268800,0.26708984375,1.2321701049804688,1.048445224761963,7.183655738830566,,,
static_sparse,1,24,11,768,2.288473606109619,2.4021410942077637,0.0625,269322,269322,54282,54282,54282,1346088,0,0,1346088,268800,0.26947021484375,1.233022689819336,1.048104166984558,7.184162139892578,,,
static_sparse,1,24,12,768,2.288473606109619,2.4025285243988037,0.0625,269322,269322,54282,54282,54282,1346088,0,0,1346088,268800,0.26934814453125,1.2338002920150757,1.048606276512146,7.184162139892578,,,
static_sparse,1,26,12,832,2.149726152420044,2.4086174964904785,0.0625,269322,269322,54282,54282,54282,1346088,0,0,1346088,268800,0.26995849609375,1.234694480895996,1.0482622385025024,7.184726715087891,,,
static_sparse,1,26,13,832,2.149726152420044,2.408287286758423,0.0625,269322,269322,54282,54282,54282,1346088,0,0,1346088,268800,0.27020263671875,1.2349847555160522,1.0486245155334473,7.184726715087891,,,
static_sparse,1,28,13,896,2.2770743370056152,2.4129085540771484,0.0625,269322,269322,54282,54282,54282,1346088,0,0,1346088,268800,0.27130126953125,1.235717535018921,1.0483402013778689,7.185153961181641,,,
static_sparse,1,28,14,896,2.2770743370056152,2.4122142791748047,0.0625,269322,269322,54282,54282,54282,1346088,0,0,1346088,268800,0.27069091796875,1.235755205154419,1.0486677885055542,7.185153961181641,,,
static_sparse,1,30,14,960,2.2704172134399414,2.4164273738861084,0.0625,269322,269322,54282,54282,54282,1346088,0,0,1346088,268800,0.2698974609375,1.236497163772583,1.0483492612838743,7.185594081878662,,,
static_sparse,1,30,15,960,2.2704172134399414,2.416916847229004,0.0625,269322,269322,54282,54282,54282,1346088,0,0,1346088,268800,0.27001953125,1.2354702949523926,1.0471493005752563,7.185594081878662,,,
static_sparse,1,32,15,1024,2.239290475845337,2.4210734367370605,0.0625,269322,269322,54282,54282,54282,1346088,0,0,1346088,268800,0.27001953125,1.236160397529602,1.0468670129776,7.185990810394287,,,
static_sparse,1,32,16,1024,2.239290475845337,2.420804977416992,0.0625,269322,269322,54282,54282,54282,1346088,0,0,1346088,268800,0.2705078125,1.2367322444915771,1.0474313497543335,7.185990810394287,,,
static_sparse,1,34,16,1088,2.187082529067993,2.4249422550201416,0.0625,269322,269322,54282,54282,54282,1346088,0,0,1346088,268800,0.27081298828125,1.237297296524048,1.0472196340560913,7.186366081237793,,,
static_sparse,1,34,17,1088,2.187082529067993,2.4246063232421875,0.0625,269322,269322,54282,54282,54282,1346088,0,0,1346088,268800,0.2701416015625,1.2369346618652344,1.0470199584960938,7.186366081237793,,,
static_sparse,1,36,17,1152,2.2384681701660156,2.4280006885528564,0.0625,269322,269322,54282,54282,54282,1346088,0,0,1346088,268800,0.26995849609375,1.237465739250183,1.046826720237732,7.18669319152832,,,
static_sparse,1,36,18,1152,2.2384681701660156,2.4293642044067383,0.0625,269322,269322,54282,54282,54282,1346088,0,0,1346088,268800,0.2705078125,1.2382529973983765,1.0476033687591553,7.18669319152832,,,
static_sparse,1,38,18,1216,2.245537281036377,2.4316916465759277,0.0625,269322,269322,54282,54282,54282,1346088,0,0,1346088,268800,0.27142333984375,1.2386428117752075,1.047476291656494,7.186949253082275,,,
static_sparse,1,38,19,1216,2.245537281036377,2.431891918182373,0.0625,269322,269322,54282,54282,54282,1346088,0,0,1346088,268800,0.2705078125,1.238307237625122,1.0469197034835815,7.186949253082275,,,
static_sparse,1,40,19,1280,2.2614614963531494,2.4344308376312256,0.0625,269322,269322,54282,54282,54282,1346088,0,0,1346088,268800,0.27093505859375,1.238709807395935,1.046759843826294,7.18718147277832,,,
static_sparse,2,0,0,0,0.0,2.311848402023315,0.125,269322,269322,54282,54282,54282,1346088,0,0,1346088,268800,0.2200927734375,1.244804620742798,1.034400463104248,7.171363830566406,,,
static_sparse,2,2,0,64,2.315915584564209,2.31099009513855,0.03125,269322,269322,54282,54282,54282,1346088,0,0,1346088,268800,0.22296142578125,1.2445448637008667,1.0346041917800903,7.171252250671387,,,
static_sparse,2,2,1,64,2.315915584564209,2.3107008934020996,0.03125,269322,269322,54282,54282,54282,1346088,0,0,1346088,268800,0.2222900390625,1.245548129081726,1.035439372062683,7.171252250671387,,,
static_sparse,2,4,1,128,2.2965288162231445,2.311082124710083,0.03125,269322,269322,54282,54282,54282,1346088,0,0,1346088,268800,0.2249755859375,1.2455390691757202,1.0356147289276123,7.171339511871338,,,
static_sparse,2,4,2,128,2.2965288162231445,2.311399459838867,0.03125,269322,269322,54282,54282,54282,1346088,0,0,1346088,268800,0.2254638671875,1.2447178363800049,1.0351001024246216,7.171339511871338,,,
static_sparse,2,6,2,192,2.283055067062378,2.312585830688477,0.03125,269322,269322,54282,54282,54282,1346088,0,0,1346088,268800,0.2274169921875,1.2450919151306152,1.0350325107574463,7.171623706817627,,,
static_sparse,2,6,3,192,2.283055067062378,2.312845230102539,0.0,269322,269322,54282,54282,54282,1346088,0,0,1346088,268800,0.2257080078125,1.2438015937805176,1.0338834524154663,7.171623706817627,,,
static_sparse,2,8,3,256,2.290116548538208,2.313904047012329,0.0625,269322,269322,54282,54282,54282,1346088,0,0,1346088,268800,0.2266845703125,1.2443194389343262,1.0337836742401123,7.17201566696167,,,
static_sparse,2,8,4,256,2.290116548538208,2.3138632774353027,0.0625,269322,269322,54282,54282,54282,1346088,0,0,1346088,268800,0.2281494140625,1.2453956604003906,1.0346907377243042,7.17201566696167,,,
static_sparse,2,10,4,320,2.2781693935394287,2.3155360221862793,0.0625,269322,269322,54282,54282,54282,1346088,0,0,1346088,268800,0.2325439453125,1.2458226680755615,1.0347365140914917,7.1724162101745605,,,
static_sparse,2,10,5,320,2.2781693935394287,2.314352512359619,0.0625,269322,269322,54282,54282,54282,1346088,0,0,1346088,268800,0.232421875,1.2457120418548584,1.034287929534912,7.1724162101745605,,,
static_sparse,2,12,5,384,2.2717702388763428,2.316288948059082,0.0625,269322,269322,54282,54282,54282,1346088,0,0,1346088,268800,0.23486328125,1.2463114261627195,1.0342082977294922,7.172878742218018,,,
static_sparse,2,12,6,384,2.2717702388763428,2.317920923233032,0.0625,269322,269322,54282,54282,54282,1346088,0,0,1346088,268800,0.2337646484375,1.246241807937622,1.0343962907791138,7.172878742218018,,,
static_sparse,2,14,6,448,2.2719380855560303,2.319768190383911,0.0625,269322,269322,54282,54282,54282,1346088,0,0,1346088,268800,0.23455810546875,1.2467705011367798,1.0343453884124756,7.173291206359863,,,
static_sparse,2,14,7,448,2.2719380855560303,2.318886995315552,0.0625,269322,269322,54282,54282,54282,1346088,0,0,1346088,268800,0.23516845703125,1.2467502355575562,1.0343337059020996,7.173291206359863,,,
static_sparse,2,16,7,512,2.271975517272949,2.320622205734253,0.0625,269322,269322,54282,54282,54282,1346088,0,0,1346088,268800,0.2357177734375,1.2474020719528198,1.0341984033584597,7.173758029937744,,,
static_sparse,2,16,8,512,2.271975517272949,2.3199479579925537,0.0625,269322,269322,54282,54282,54282,1346088,0,0,1346088,268800,0.23553466796875,1.2475626468658447,1.0344650745391846,7.173758029937744,,,
static_sparse,2,18,8,576,2.2673211097717285,2.321721315383911,0.0625,269322,269322,54282,54282,54282,1346088,0,0,1346088,268800,0.2373046875,1.24804949760437,1.0344597101211548,7.174161911010742,,,
static_sparse,2,18,9,576,2.2673211097717285,2.3225581645965576,0.0625,269322,269322,54282,54282,54282,1346088,0,0,1346088,268800,0.2381591796875,1.2472200393676758,1.0340274572372437,7.174161911010742,,,
static_sparse,2,20,9,640,2.282510995864868,2.3239688873291016,0.0625,269322,269322,54282,54282,54282,1346088,0,0,1346088,268800,0.238037109375,1.2478610277175903,1.0338680744171145,7.174617767333984,,,
static_sparse,2,20,10,640,2.282510995864868,2.324668884277344,0.0625,269322,269322,54282,54282,54282,1346088,0,0,1346088,268800,0.2376708984375,1.2482619285583496,1.0338364839553833,7.174617767333984,,,
static_sparse,2,22,10,704,2.258903980255127,2.3263981342315674,0.0625,269322,269322,54282,54282,54282,1346088,0,0,1346088,268800,0.23773193359375,1.2488439083099363,1.033748745918274,7.175067901611328,,,
static_sparse,2,22,11,704,2.258903980255127,2.325540065765381,0.0625,269322,269322,54282,54282,54282,1346088,0,0,1346088,268800,0.23736572265625,1.2495498657226562,1.034395694732666,7.175067901611328,,,
static_sparse,2,24,11,768,2.260639190673828,2.327281951904297,0.0625,269322,269322,54282,54282,54282,1346088,0,0,1346088,268800,0.23919677734375,1.250048041343689,1.0343384742736816,7.175457954406738,,,
static_sparse,2,24,12,768,2.260639190673828,2.327479124069214,0.0625,269322,269322,54282,54282,54282,1346088,0,0,1346088,268800,0.23822021484375,1.2507765293121338,1.0348474979400637,7.175457954406738,,,
static_sparse,2,26,12,832,2.3054754734039307,2.3288285732269287,0.0625,269322,269322,54282,54282,54282,1346088,0,0,1346088,268800,0.24005126953125,1.2511498928070068,1.0348427295684814,7.1757917404174805,,,
static_sparse,2,26,13,832,2.3054754734039307,2.3281469345092773,0.0625,269322,269322,54282,54282,54282,1346088,0,0,1346088,268800,0.24139404296875,1.250613570213318,1.034134864807129,7.1757917404174805,,,
static_sparse,2,28,13,896,2.278719663619995,2.3292863368988037,0.0625,269322,269322,54282,54282,54282,1346088,0,0,1346088,268800,0.24078369140625,1.251067042350769,1.0340235233306885,7.176105976104736,,,
static_sparse,2,28,14,896,2.278719663619995,2.3299648761749268,0.0625,269322,269322,54282,54282,54282,1346088,0,0,1346088,268800,0.23858642578125,1.2512177228927612,1.034594178199768,7.176105976104736,,,
static_sparse,2,30,14,960,2.2715835571289062,2.330718755722046,0.0625,269322,269322,54282,54282,54282,1346088,0,0,1346088,268800,0.24005126953125,1.2515429258346558,1.034615397453308,7.17640495300293,,,
static_sparse,2,30,15,960,2.2715835571289062,2.3316609859466553,0.0625,269322,269322,54282,54282,54282,1346088,0,0,1346088,268800,0.24127197265625,1.250690221786499,1.0335859060287476,7.17640495300293,,,
static_sparse,2,32,15,1024,2.228527069091797,2.3333661556243896,0.0625,269322,269322,54282,54282,54282,1346088,0,0,1346088,268800,0.24169921875,1.2510217428207395,1.033540964126587,7.176636219024658,,,
static_sparse,2,32,16,1024,2.228527069091797,2.3322999477386475,0.0625,269322,269322,54282,54282,54282,1346088,0,0,1346088,268800,0.240234375,1.251030206680298,1.033550262451172,7.176636219024658,,,
static_sparse,2,34,16,1088,2.326582670211792,2.33292818069458,0.0625,269322,269322,54282,54282,54282,1346088,0,0,1346088,268800,0.24090576171875,1.2512999773025513,1.0335074663162231,7.176817417144775,,,
static_sparse,2,34,17,1088,2.326582670211792,2.3324687480926514,0.0625,269322,269322,54282,54282,54282,1346088,0,0,1346088,268800,0.24169921875,1.2518424987792969,1.0345009565353394,7.176817417144775,,,
static_sparse,2,36,17,1152,2.2516868114471436,2.3336181640625,0.0625,269322,269322,54282,54282,54282,1346088,0,0,1346088,268800,0.244384765625,1.2520383596420288,1.03452730178833,7.176997184753418,,,
static_sparse,2,36,18,1152,2.2516868114471436,2.3327465057373047,0.0625,269322,269322,54282,54282,54282,1346088,0,0,1346088,268800,0.243896484375,1.2513043880462646,1.0334035158157349,7.176997184753418,,,
static_sparse,2,38,18,1216,2.249610185623169,2.3342506885528564,0.0625,269322,269322,54282,54282,54282,1346088,0,0,1346088,268800,0.243896484375,1.2515228986740112,1.0334203243255615,7.177194118499756,,,
static_sparse,2,38,19,1216,2.249610185623169,2.3344640731811523,0.0625,269322,269322,54282,54282,54282,1346088,0,0,1346088,268800,0.24322509765625,1.2508416175842283,1.0330297946929932,7.177194118499756,,,
static_sparse,2,40,19,1280,2.2871241569519043,2.335505723953247,0.0625,269322,269322,54282,54282,54282,1346088,0,0,1346088,268800,0.24481201171875,1.251025915145874,1.033072829246521,7.177395343780518,,,
