global_step,permutation_index,samples_seen,train_loss,eval_loss,eval_accuracy,total_possible_parameters,actual_tensor_parameters,logical_active_parameters,active_parameters,trainable_active_parameters,model_tensor_memory_bytes,auxiliary_algorithm_state_memory_bytes,optimizer_state_memory_bytes,estimated_total_training_state_memory_bytes,estimated_dense_macs_per_example,dormant_relu_fraction,activation_mean,activation_std,weight_l2_norm,reset_count
0,0,0,0.0,2.319100856781006,0.0625,269322,269322,54282,54282,54282,1346088,1075200,0,2421288,268800,0.25634765625,1.224684715270996,1.0538675785064697,7.179366588592529,0
2,0,64,2.3000783920288086,2.3249311447143555,0.0625,269322,269322,54282,54282,54282,1346088,1075200,0,2421288,268800,0.2593994140625,1.2243833541870117,1.0536617040634155,7.179014205932617,0
2,1,64,2.3000783920288086,2.3255059719085693,0.0625,269322,269322,54282,54282,54282,1346088,1075200,0,2421288,268800,0.259765625,1.2249349355697632,1.0543608665466309,7.179014205932617,0
4,1,128,2.298370599746704,2.332585334777832,0.0625,269322,269322,54282,54282,54282,1346088,1075200,0,2421288,268800,0.26129150390625,1.2252495288848877,1.0539270639419556,7.179019927978516,0
4,2,128,2.298370599746704,2.332807779312134,0.0625,269322,269322,54282,54282,54282,1346088,1075200,0,2421288,268800,0.26055908203125,1.2247912883758545,1.0534905195236206,7.179019927978516,0
6,2,192,2.2727949619293213,2.3426198959350586,0.0625,269322,269322,54282,54282,54282,1346088,1075200,0,2421288,268800,0.25927734375,1.2282408475875854,1.0509041547775269,7.177347660064697,538
6,3,192,2.2727949619293213,2.341911792755127,0.0625,269322,269322,54282,54282,54282,1346088,1075200,0,2421288,268800,0.25994873046875,1.2281787395477295,1.0507166385650635,7.177347660064697,538
8,3,256,2.2794244289398193,2.349565029144287,0.0625,269322,269322,54282,54282,54282,1346088,1075200,0,2421288,268800,0.26092529296875,1.228946328163147,1.050319790840149,7.177772045135498,538
8,4,256,2.2794244289398193,2.3506479263305664,0.0625,269322,269322,54282,54282,54282,1346088,1075200,0,2421288,268800,0.26031494140625,1.228685736656189,1.0501301288604736,7.177772045135498,538
10,4,320,2.2599918842315674,2.3583879470825195,0.0625,269322,269322,54282,54282,54282,1346088,1075200,0,2421288,268800,0.264404296875,1.2297488451004028,1.0496591329574585,7.178311824798584,1076
10,5,320,2.2599918842315674,2.357003688812256,0.0625,269322,269322,54282,54282,54282,1346088,1075200,0,2421288,268800,0.26446533203125,1.2298245429992676,1.0497558116912842,7.178311824798584,1076
12,5,384,2.2801337242126465,2.364305257797241,0.0625,269322,269322,54282,54282,54282,1346088,1075200,0,2421288,268800,0.2625732421875,1.2309706211090088,1.0491352081298828,7.178880214691162,1076
12,6,384,2.2801337242126465,2.3652591705322266,0.0625,269322,269322,54282,54282,54282,1346088,1075200,0,2421288,268800,0.263671875,1.2332370281219482,1.0508978366851807,7.178880214691162,1076
14,6,448,2.2730069160461426,2.3725955486297607,0.0625,269322,269322,54282,54282,54282,1346088,1075200,0,2421288,268800,0.263427734375,1.2344497442245483,1.0502575635910034,7.1795172691345215,1076
14,7,448,2.2730069160461426,2.3713157176971436,0.0625,269322,269322,54282,54282,54282,1346088,1075200,0,2421288,268800,0.26226806640625,1.2335487604141235,1.049708604812622,7.1795172691345215,1076
16,7,512,2.2242653369903564,2.383121967315674,0.0625,269322,269322,54282,54282,54282,1346088,1075200,0,2421288,268800,0.2537841796875,1.2400321960449219,1.0452619791030884,7.184415340423584,1614
16,8,512,2.2242653369903564,2.3819968700408936,0.0625,269322,269322,54282,54282,54282,1346088,1075200,0,2421288,268800,0.2537841796875,1.2380439043045044,1.0435636043548584,7.184415340423584,1614
18,8,576,2.268167495727539,2.3882429599761963,0.0625,269322,269322,54282,54282,54282,1346088,1075200,0,2421288,268800,0.25286865234375,1.239093542098999,1.0430200099945068,7.184967517852783,1614
18,9,576,2.268167495727539,2.3915016651153564,0.0625,269322,269322,54282,54282,54282,1346088,1075200,0,2421288,268800,0.2529296875,1.2404862642288208,1.0442641973495483,7.184967517852783,1614
20,9,640,2.291651487350464,2.3986849784851074,0.0625,269322,269322,54282,54282,54282,1346088,1075200,0,2421288,268800,0.2496337890625,1.2450597286224365,1.041709542274475,7.183516025543213,2152
20,10,640,2.291651487350464,2.396578788757324,0.0625,269322,269322,54282,54282,54282,1346088,1075200,0,2421288,268800,0.25018310546875,1.2444746494293213,1.0412704944610596,7.183516025543213,2152
22,10,704,2.306394100189209,2.4013257026672363,0.0625,269322,269322,54282,54282,54282,1346088,1075200,0,2421288,268800,0.253662109375,1.2452161312103271,1.0409613847732544,7.183955669403076,2152
22,11,704,2.306394100189209,2.402149200439453,0.0625,269322,269322,54282,54282,54282,1346088,1075200,0,2421288,268800,0.2525634765625,1.2442137002944946,1.0399318933486938,7.183955669403076,2152
24,11,768,2.2912473678588867,2.406790256500244,0.0625,269322,269322,54282,54282,54282,1346088,1075200,0,2421288,268800,0.25506591796875,1.244976282119751,1.0396097898483276,7.184405326843262,2152
24,12,768,2.2912473678588867,2.407195806503296,0.0625,269322,269322,54282,54282,54282,1346088,1075200,0,2421288,268800,0.255126953125,1.245732069015503,1.0401198863983154,7.184405326843262,2152
26,12,832,2.1468048095703125,2.412480354309082,0.0625,269322,269322,54282,54282,54282,1346088,1075200,0,2421288,268800,0.252197265625,1.2477872371673584,1.037689447402954,7.188601970672607,2690
26,13,832,2.1468048095703125,2.4122426509857178,0.0625,269322,269322,54282,54282,54282,1346088,1075200,0,2421288,268800,0.25250244140625,1.2481303215026855,1.0380182266235352,7.188601970672607,2690
28,13,896,2.27764630317688,2.4162399768829346,0.0625,269322,269322,54282,54282,54282,1346088,1075200,0,2421288,268800,0.2548828125,1.2487576007843018,1.037774682044983,7.188958168029785,2690
28,14,896,2.27764630317688,2.4157915115356445,0.0625,269322,269322,54282,54282,54282,1346088,1075200,0,2421288,268800,0.253173828125,1.248820424079895,1.0380842685699463,7.188958168029785,2690
30,14,960,2.2714946269989014,2.4228081703186035,0.0625,269322,269322,54282,54282,54282,1346088,1075200,0,2421288,268800,0.2530517578125,1.251180648803711,1.0361568927764893,7.189651966094971,3228
30,15,960,2.2714946269989014,2.4229371547698975,0.0625,269322,269322,54282,54282,54282,1346088,1075200,0,2421288,268800,0.25311279296875,1.250103235244751,1.0350033044815063,7.189651966094971,3228
32,15,1024,2.2408440113067627,2.4264400005340576,0.0625,269322,269322,54282,54282,54282,1346088,1075200,0,2421288,268800,0.25347900390625,1.2506382465362549,1.034816026687622,7.189983367919922,3228
32,16,1024,2.2408440113067627,2.4263360500335693,0.0625,269322,269322,54282,54282,54282,1346088,1075200,0,2421288,268800,0.2548828125,1.251233458518982,1.0353727340698242,7.189983367919922,3228
34,16,1088,2.1851584911346436,2.4299445152282715,0.0625,269322,269322,54282,54282,54282,1346088,1075200,0,2421288,268800,0.25433349609375,1.251736044883728,1.0351576805114746,7.190311431884766,3228
34,17,1088,2.1851584911346436,2.429318904876709,0.0625,269322,269322,54282,54282,54282,1346088,1075200,0,2421288,268800,0.2528076171875,1.2513914108276367,1.0349314212799072,7.190311431884766,3228
36,17,1152,2.236964225769043,2.4312031269073486,0.0625,269322,269322,54282,54282,54282,1346088,1075200,0,2421288,268800,0.2509765625,1.2538373470306396,1.0332398414611816,7.1870503425598145,3766
36,18,1152,2.236964225769043,2.4327330589294434,0.0625,269322,269322,54282,54282,54282,1346088,1075200,0,2421288,268800,0.25201416015625,1.2545666694641113,1.0340536832809448,7.1870503425598145,3766
38,18,1216,2.247187376022339,2.4345595836639404,0.0625,269322,269322,54282,54282,54282,1346088,1075200,0,2421288,268800,0.25335693359375,1.2548580169677734,1.0339791774749756,7.187258720397949,3766
38,19,1216,2.247187376022339,2.4345314502716064,0.0625,269322,269322,54282,54282,54282,1346088,1075200,0,2421288,268800,0.25244140625,1.2545979022979736,1.0333539247512817,7.187258720397949,3766
40,19,1280,2.2612662315368652,2.437004566192627,0.0625,269322,269322,54282,54282,54282,1346088,1075200,0,2421288,268800,0.24755859375,1.2581707239151,1.0306916236877441,7.188138961791992,4304
